Date,KO,PEP
2015-01-02,30.437496185302734,69.97862243652344
2015-01-05,30.437496185302734,69.45250701904297
2015-01-06,30.66864585876465,68.9264144897461
2015-01-07,31.05145835876465,70.94193267822266
2015-01-08,31.427045822143555,72.231201171875
2015-01-09,31.08034896850586,71.74217224121094
2015-01-12,30.79865264892578,71.4457778930664
2015-01-13,30.79142951965332,71.39390563964844
2015-01-14,30.74087142944336,71.63099670410156
2015-01-15,30.61084747314453,71.63099670410156
2015-01-16,30.71919822692871,72.09040832519531
2015-01-20,31.17424774169922,72.25343322753906
2015-01-21,31.318695068359375,72.17195129394531
2015-01-22,31.622068405151367,73.28343200683594
2015-01-23,31.282590866088867,73.00923919677734
2015-01-26,31.05867576599121,73.12782287597656
2015-01-27,30.618080139160156,71.6680679321289
2015-01-28,30.278606414794922,70.92709350585938
2015-01-29,30.40861701965332,71.15679931640625
2015-01-30,29.73688316345215,69.48957824707031
2015-02-02,30.040233612060547,70.63809967041016
2015-02-03,30.069122314453125,71.28271484375
2015-02-04,30.10523796081543,71.57913208007812
2015-02-05,30.184701919555664,71.58660125732422
2015-02-06,29.939105987548828,71.6606674194336
2015-02-09,29.78021240234375,71.11231231689453
2015-02-10,30.625308990478516,72.60912322998047
2015-02-11,30.6036319732666,74.39488983154297
2015-02-12,30.45918083190918,74.29855346679688
2015-02-13,30.329164505004883,73.45384216308594
2015-02-17,30.199140548706055,72.88329315185547
2015-02-18,30.141376495361328,73.60205078125
2015-02-19,30.41584587097168,73.1500244140625
2015-02-20,30.314695358276367,73.4019775390625
2015-02-23,30.22803497314453,73.69097137451172
2015-02-24,30.43028450012207,73.78729248046875
2015-02-25,30.372493743896484,73.72803497314453
2015-02-26,30.66864585876465,73.40939331054688
2015-02-27,31.27535629272461,73.34268188476562
2015-03-02,31.20313262939453,73.3575210571289
2015-03-03,31.02256965637207,72.91291809082031
2015-03-04,30.697528839111328,72.62572479248047
2015-03-05,30.625308990478516,72.52876281738281
2015-03-06,29.989681243896484,71.73807525634766
2015-03-09,29.895774841308594,71.64105987548828
2015-03-10,29.39017105102539,70.44010162353516
2015-03-11,28.964021682739258,69.84331512451172
2015-03-12,29.546646118164062,71.39492797851562
2015-03-13,29.065977096557617,70.35804748535156
2015-03-16,29.34273338317871,71.20098114013672
2015-03-17,29.502948760986328,70.21631622314453
2015-03-18,29.56850242614746,70.59677124023438
2015-03-19,29.146085739135742,70.19393920898438
2015-03-20,29.604907989501953,71.11890411376953
2015-03-23,29.583066940307617,71.49933624267578
2015-03-24,29.473817825317383,71.50679779052734
2015-03-25,29.459259033203125,71.05924224853516
2015-03-26,29.386428833007812,71.3352279663086
2015-03-27,29.189786911010742,71.57394409179688
2015-03-30,29.502948760986328,71.99909973144531
2015-03-31,29.53208351135254,71.3277816772461
2015-04-01,29.626766204833984,70.93244171142578
2015-04-02,29.626766204833984,71.37999725341797
2015-04-06,29.983623504638672,71.96928405761719
2015-04-07,29.867095947265625,71.76787567138672
2015-04-08,29.779705047607422,71.63362884521484
2015-04-09,29.89622688293457,71.87232208251953
2015-04-10,29.772411346435547,71.76041412353516
2015-04-13,29.641324996948242,71.26067352294922
2015-04-14,29.502948760986328,71.97677612304688
2015-04-15,29.42284393310547,72.08121490478516
2015-04-16,29.56850242614746,71.9469223022461
2015-04-17,29.350011825561523,71.4695053100586
2015-04-20,29.612199783325195,71.98419189453125
2015-04-21,29.6995906829834,72.19307708740234
2015-04-22,30.085609436035156,72.56607055664062
2015-04-23,29.823396682739258,71.40983581542969
2015-04-24,29.779705047607422,70.99210357666016
2015-04-27,29.736005783081055,70.48484802246094
2015-04-28,29.692302703857422,70.43264770507812
2015-04-29,29.488388061523438,70.40279388427734
2015-04-30,29.539365768432617,70.9548110961914
2015-05-01,29.794265747070312,71.28300476074219
2015-05-04,29.830678939819336,71.57394409179688
2015-05-05,29.677745819091797,71.17858123779297
2015-05-06,29.612199783325195,71.2233657836914
2015-05-07,29.641324996948242,70.97721099853516
2015-05-08,29.845247268676758,72.02152252197266
2015-05-11,29.816118240356445,71.87232208251953
2015-05-12,29.634044647216797,71.76041412353516
2015-05-13,29.89622688293457,71.91708374023438
2015-05-14,30.223953247070312,73.1031494140625
2015-05-15,30.23851776123047,73.26725769042969
2015-05-18,30.092853546142578,73.14043426513672
2015-05-19,30.085609436035156,73.06585693359375
2015-05-20,30.11472511291504,72.87191009521484
2015-05-21,30.027328491210938,72.50638580322266
2015-05-22,30.01275634765625,71.80516815185547
2015-05-26,29.852527618408203,71.45460510253906
2015-05-27,29.947202682495117,71.89469909667969
2015-05-28,29.961763381958008,72.40193939208984
2015-05-29,29.830678939819336,71.93199157714844
2015-06-01,29.816118240356445,71.58885955810547
2015-06-02,29.852527618408203,71.64852142333984
2015-06-03,29.76513671875,71.61322021484375
2015-06-04,29.56121826171875,70.74151611328125
2015-06-05,29.204355239868164,69.92247009277344
2015-06-08,29.248050689697266,69.7646484375
2015-06-09,29.27718734741211,69.93749237060547
2015-06-10,29.371868133544922,70.40339660644531
2015-06-11,29.445295333862305,70.7039566040039
2015-06-12,29.34248924255371,70.44096374511719
2015-06-15,29.070804595947266,69.61437225341797
2015-06-16,29.430606842041016,70.29820251464844
2015-06-17,29.57011604309082,70.67391204833984
2015-06-18,29.849164962768555,71.56062316894531
2015-06-19,29.665576934814453,71.28256225585938
2015-06-22,29.72432518005371,71.83865356445312
2015-06-23,29.650897979736328,71.83865356445312
2015-06-24,29.511377334594727,71.60570526123047
2015-06-25,29.386550903320312,71.26000213623047
2015-06-26,29.37186622619629,71.3201675415039
2015-06-29,28.93128204345703,70.40339660644531
2015-06-30,28.80645179748535,70.14038848876953
2015-07-01,29.00470542907715,71.02709197998047
2015-07-02,28.99736976623535,71.13229370117188
2015-07-06,28.945968627929688,70.9369125366211
2015-07-07,29.555435180664062,72.43984985351562
2015-07-08,29.26905059814453,71.84618377685547
2015-07-09,29.3131160736084,71.07972717285156
2015-07-10,29.658239364624023,71.80108642578125
2015-07-13,29.856494903564453,73.05597686767578
2015-07-14,30.230976104736328,72.98836517333984
2015-07-15,30.20162010192871,72.40222930908203
2015-07-16,30.458621978759766,72.81553649902344
2015-07-17,30.289724349975586,72.72537994384766
2015-07-20,30.38517951965332,73.12361907958984
2015-07-21,30.24567413330078,72.83809661865234
2015-07-22,30.032733917236328,73.01844024658203
2015-07-23,29.98866081237793,72.79299926757812
2015-07-24,29.694950103759766,72.27447509765625
2015-07-27,29.76837730407715,71.88375854492188
2015-07-28,29.775724411010742,72.22189331054688
2015-07-29,29.805089950561523,72.5374984741211
2015-07-30,29.783061981201172,72.61267852783203
2015-07-31,30.164897918701172,72.40222930908203
2015-08-03,30.5026798248291,73.22883605957031
2015-08-04,30.73031234741211,73.49935913085938
2015-08-05,30.928564071655273,74.53636932373047
2015-08-06,30.781707763671875,74.50630187988281
2015-08-07,30.67156410217285,74.4687271118164
2015-08-10,30.6054744720459,74.46121215820312
2015-08-11,30.458621978759766,74.10804748535156
2015-08-12,30.297067642211914,73.92769622802734
2015-08-13,30.179574966430664,74.23579406738281
2015-08-14,30.289724349975586,74.56641387939453
2015-08-17,30.36316680908203,75.03982543945312
2015-08-18,30.326435089111328,74.97220611572266
2015-08-19,29.944612503051758,74.3860855102539
2015-08-20,29.775724411010742,73.62711334228516
2015-08-21,29.02674102783203,72.32711029052734
2015-08-24,28.182302474975586,69.00568389892578
2015-08-25,27.895925521850586,67.36001586914062
2015-08-26,28.43930435180664,69.50164794921875
2015-08-27,28.8358211517334,70.33575439453125
2015-08-28,28.96799659729004,70.28314971923828
2015-08-31,28.872543334960938,69.83228302001953
2015-09-01,28.453994750976562,68.6299819946289
2015-09-02,28.564130783081055,69.3970947265625
2015-09-03,28.75505828857422,69.76815795898438
2015-09-04,28.285099029541016,68.85185241699219
2015-09-08,28.564130783081055,69.94990539550781
2015-09-09,28.12354850769043,68.78369903564453
2015-09-10,28.211673736572266,68.9578857421875
2015-09-11,28.241291046142578,69.38194274902344
2015-09-14,28.219079971313477,69.06385803222656
2015-09-15,28.51534080505371,69.71514129638672
2015-09-16,28.996774673461914,70.47999572753906
2015-09-17,29.167125701904297,70.70716094970703
2015-09-18,28.870861053466797,70.4648666381836
2015-09-21,29.026384353637695,70.96464538574219
2015-09-22,28.730133056640625,69.94990539550781
2015-09-23,28.707918167114258,69.97262573242188
2015-09-24,28.996774673461914,70.0256576538086
2015-09-25,29.34488296508789,70.78291320800781
2015-09-28,29.278223037719727,70.0256576538086
2015-09-29,29.374507904052734,70.45726776123047
2015-09-30,29.715213775634766,71.41145324707031
2015-10-01,29.47818946838379,71.0706787109375
2015-10-02,29.915184020996094,71.30542755126953
2015-10-05,30.3743896484375,72.55494689941406
2015-10-06,30.33736228942871,73.50911712646484
2015-10-07,30.75213623046875,74.607177734375
2015-10-08,31.092824935913086,74.94792938232422
2015-10-09,31.122467041015625,75.32659912109375
2015-10-12,31.10764503479004,75.07669067382812
2015-10-13,30.84842300415039,74.15280151367188
2015-10-14,30.870634078979492,73.82713317871094
2015-10-15,31.048389434814453,74.42542266845703
2015-10-16,31.122467041015625,75.50076293945312
2015-10-19,31.10024642944336,75.8642578125
2015-10-20,31.322444915771484,75.9323959350586
2015-10-21,31.248369216918945,75.91726684570312
2015-10-22,32.02606201171875,78.06038665771484
2015-10-23,31.692760467529297,77.56812286376953
2015-10-26,31.544628143310547,77.65142822265625
2015-10-27,31.559446334838867,77.954345703125
2015-10-28,31.648317337036133,77.80289459228516
2015-10-29,31.692760467529297,77.84831237792969
2015-10-30,31.36686897277832,77.3863754272461
2015-11-02,31.285404205322266,76.78811645507812
2015-11-03,31.22614860534668,76.42464447021484
2015-11-04,31.085424423217773,76.19745635986328
2015-11-05,31.352067947387695,76.18989562988281
2015-11-06,31.078025817871094,75.51589965820312
2015-11-09,30.766944885253906,74.87979125976562
2015-11-10,30.937299728393555,74.84193420410156
2015-11-11,31.13727569580078,75.2962875366211
2015-11-12,30.79656982421875,74.49357604980469
2015-11-13,30.64844512939453,74.2436752319336
2015-11-16,31.078025817871094,75.39472961425781
2015-11-17,30.86322593688965,74.84193420410156
2015-11-18,31.315032958984375,75.9323959350586
2015-11-19,31.929767608642578,76.43222045898438
2015-11-20,31.426128387451172,75.8036880493164
2015-11-23,31.818674087524414,76.37162017822266
2015-11-24,32.11494445800781,76.20500946044922
2015-11-25,32.11494445800781,76.10661315917969
2015-11-27,32.20450210571289,76.28831481933594
2015-11-30,31.80893898010254,75.84910583496094
2015-12-01,32.01045227050781,76.53065490722656
2015-12-02,31.920900344848633,75.86186981201172
2015-12-03,31.68952178955078,75.56446838378906
2015-12-04,32.30899429321289,77.06675720214844
2015-12-07,32.241817474365234,76.76936340332031
2015-12-08,32.10000991821289,76.38804626464844
2015-12-09,31.838790893554688,75.59500122070312
2015-12-10,31.91342544555664,75.41958618164062
2015-12-11,31.5477237701416,74.56548309326172
2015-12-14,31.682056427001953,74.69512176513672
2015-12-15,32.14479064941406,75.79324340820312
2015-12-16,32.719478607177734,77.08203125
2015-12-17,32.45825958251953,76.41093444824219
2015-12-18,31.719383239746094,74.65699768066406
2015-12-21,31.928348541259766,75.20606231689453
2015-12-22,32.30899429321289,76.10588836669922
2015-12-23,32.592594146728516,76.74646759033203
2015-12-24,32.495582580566406,76.67023468017578
2015-12-28,32.45825958251953,76.77696990966797
2015-12-29,32.6224479675293,77.36418914794922
2015-12-30,32.51796340942383,77.13536834716797
2015-12-31,32.06270217895508,76.19741821289062
2016-01-04,31.644737243652344,75.32044982910156
2016-01-05,31.756690979003906,75.8390121459961
2016-01-06,31.58503532409668,75.86186981201172
2016-01-07,31.062606811523438,74.40531921386719
2016-01-08,30.980501174926758,74.13082122802734
2016-01-11,31.032752990722656,74.30620574951172
2016-01-12,31.43577003479004,74.4434814453125
2016-01-13,31.2342529296875,73.58936309814453
2016-01-14,31.256656646728516,73.06318664550781
2016-01-15,30.973041534423828,71.6295394897461
2016-01-19,31.286500930786133,73.0326919555664
2016-01-20,30.883485794067383,71.50752258300781
2016-01-21,30.890941619873047,72.04133605957031
2016-01-22,31.3909969329834,73.09370422363281
2016-01-25,31.465633392333984,73.16233825683594
2016-01-26,31.40591812133789,73.45211029052734
2016-01-27,31.413381576538086,73.16233825683594
2016-01-28,31.771625518798828,74.3138198852539
2016-01-29,32.032840728759766,75.724609375
2016-02-01,32.092559814453125,75.51872253417969
2016-02-02,31.674591064453125,74.8934097290039
2016-02-03,31.88357162475586,75.28229522705078
2016-02-04,31.74176788330078,74.26805877685547
2016-02-05,31.674591064453125,74.2146987915039
2016-02-08,31.83133316040039,74.36719512939453
2016-02-09,32.31645202636719,74.94676971435547
2016-02-10,31.756690979003906,74.4434814453125
2016-02-11,31.65221405029297,73.8944091796875
2016-02-12,32.174644470214844,75.10692596435547
2016-02-16,32.36123275756836,75.19078063964844
2016-02-17,32.45825958251953,75.91525268554688
2016-02-18,32.54780960083008,75.96863555908203
2016-02-19,32.667232513427734,75.93812561035156
2016-02-22,32.79409408569336,76.15929412841797
2016-02-23,32.60751724243164,75.90763092041016
2016-02-24,32.7717170715332,76.014404296875
2016-02-25,32.95830535888672,76.76936340332031
2016-02-26,32.19703674316406,75.0077896118164
2016-02-29,32.189579010009766,74.59599304199219
2016-03-01,32.60751724243164,75.56446838378906
2016-03-02,32.667232513427734,75.52070617675781
2016-03-03,32.80902862548828,76.15816497802734
2016-03-04,32.920982360839844,76.80329895019531
2016-03-07,32.84635925292969,76.2272720336914
2016-03-08,33.07771682739258,76.60362243652344
2016-03-09,33.44342041015625,76.9569091796875
2016-03-10,33.75688171386719,77.40235900878906
2016-03-11,33.99758529663086,77.8094253540039
2016-03-14,34.06525802612305,77.30254364013672
2016-03-15,34.02766418457031,77.68651580810547
2016-03-16,33.8847541809082,77.4407958984375
2016-03-17,34.42630386352539,78.23953247070312
2016-03-18,34.29842758178711,77.79408264160156
2016-03-21,34.35108184814453,77.98607635498047
2016-03-22,34.22321701049805,77.39469146728516
2016-03-23,34.19313049316406,77.42539978027344
2016-03-24,34.28339385986328,77.3255615234375
2016-03-28,34.448875427246094,77.55596923828125
2016-03-29,34.96033477783203,77.85549926757812
2016-03-30,35.03554916381836,78.86930084228516
2016-03-31,34.892642974853516,78.70801544189453
2016-04-01,35.22359085083008,79.70647430419922
2016-04-04,35.26871871948242,79.73719024658203
2016-04-05,34.99795150756836,79.18418884277344
2016-04-06,35.13332748413086,79.81396484375
2016-04-07,34.87008285522461,79.56820678710938
2016-04-08,35.25368118286133,80.70492553710938
2016-04-11,34.93025207519531,80.10584259033203
2016-04-12,35.08821105957031,80.57434844970703
2016-04-13,34.62938690185547,79.96759796142578
2016-04-14,34.471435546875,79.23030090332031
2016-04-15,34.67451477050781,79.6987533569336
2016-04-18,34.76477813720703,79.66038513183594
2016-04-19,35.050601959228516,80.1212158203125
2016-04-20,33.373287200927734,78.67728424072266
2016-04-21,32.839256286621094,77.56365203857422
2016-04-22,33.50115966796875,78.32402038574219
2016-04-25,33.6290168762207,78.95378875732422
2016-04-26,33.493621826171875,78.80021667480469
2016-04-27,33.60646057128906,78.82321166992188
2016-04-28,33.568851470947266,79.08438873291016
2016-04-29,33.696712493896484,79.07667541503906
2016-05-02,33.832096099853516,79.43766021728516
2016-05-03,33.726802825927734,79.53749084472656
2016-05-04,33.832096099853516,79.89080810546875
2016-05-05,33.892269134521484,80.03671264648438
2016-05-06,34.08782958984375,80.61275482177734
2016-05-09,34.02766418457031,80.85853576660156
2016-05-10,34.41126251220703,81.84928894042969
2016-05-11,34.19313049316406,81.19645690917969
2016-05-12,34.471435546875,81.4883041381836
2016-05-13,34.11040496826172,80.01371002197266
2016-05-16,34.313480377197266,79.97529602050781
2016-05-17,33.65909957885742,78.62354278564453
2016-05-18,33.45602798461914,77.5022201538086
2016-05-19,33.33567810058594,77.82476806640625
2016-05-20,33.05738067626953,76.88011169433594
2016-05-23,33.07242965698242,77.12590026855469
2016-05-24,33.373287200927734,77.64045715332031
2016-05-25,33.38081359863281,77.64045715332031
2016-05-26,33.613975524902344,78.2625732421875
2016-05-27,33.68167495727539,78.30865478515625
2016-05-31,33.54629135131836,77.70186614990234
2016-06-01,33.62149429321289,78.5940933227539
2016-06-02,33.63653564453125,78.92681121826172
2016-06-03,33.877235412597656,79.3369369506836
2016-06-06,34.12543487548828,79.46846771240234
2016-06-07,34.08782958984375,79.30595397949219
2016-06-08,34.26082992553711,79.83988952636719
2016-06-09,34.418785095214844,80.21131896972656
2016-06-10,34.59178161621094,79.94047546386719
2016-06-13,34.197654724121094,79.7470474243164
2016-06-14,34.13703155517578,79.87857818603516
2016-06-15,34.114288330078125,79.59226989746094
2016-06-16,34.3416633605957,80.35832214355469
2016-06-17,33.947547912597656,80.01783752441406
2016-06-20,34.0915412902832,79.98689270019531
2016-06-21,34.205238342285156,80.53631591796875
2016-06-22,34.00059127807617,80.2732162475586
2016-06-23,34.16733169555664,80.81485748291016
2016-06-24,33.29572677612305,78.91134643554688
2016-06-27,33.182029724121094,79.02740478515625
2016-06-28,33.4852180480957,79.03515625
2016-06-29,33.682254791259766,79.79347229003906
2016-06-30,34.35682678222656,81.9755630493164
2016-07-01,34.197654724121094,81.73568725585938
2016-07-05,34.43262481689453,82.34697723388672
2016-07-06,34.311336517333984,81.9600601196289
2016-07-07,34.17491149902344,83.1749267578125
2016-07-08,34.39472198486328,83.77847290039062
2016-07-11,34.538726806640625,84.27372741699219
2016-07-12,34.546302795410156,84.18086242675781
2016-07-13,34.667572021484375,85.04751586914062
2016-07-14,34.629669189453125,85.0862045288086
2016-07-15,34.584205627441406,84.85404205322266
2016-07-18,34.584205627441406,84.50587463378906
2016-07-19,34.584205627441406,84.75346374511719
2016-07-20,34.49324035644531,84.28144836425781
2016-07-21,34.447776794433594,84.01836395263672
2016-07-22,34.73578643798828,84.49040222167969
2016-07-25,34.538726806640625,84.35884094238281
2016-07-26,34.01575469970703,83.72433471679688
2016-07-27,32.89401626586914,83.16719818115234
2016-07-28,33.08351516723633,83.67015838623047
2016-07-29,33.06835174560547,84.28144836425781
2016-08-01,32.931915283203125,84.28919219970703
2016-08-02,32.9925537109375,84.12669372558594
2016-08-03,33.075931549072266,83.60051727294922
2016-08-04,32.97739791870117,83.8945541381836
2016-08-05,32.954647064208984,84.08026123046875
2016-08-08,32.924339294433594,83.67789459228516
2016-08-09,32.947086334228516,83.7862319946289
2016-08-10,33.05318069458008,84.20408630371094
2016-08-11,33.1593017578125,83.94100189208984
2016-08-12,33.371517181396484,84.02609252929688
2016-08-15,33.53068161010742,84.12669372558594
2016-08-16,33.219932556152344,83.569580078125
2016-08-17,33.394264221191406,83.93325805664062
2016-08-18,33.42457580566406,83.7862319946289
2016-08-19,33.28815841674805,83.70109558105469
2016-08-22,33.151710510253906,83.53862762451172
2016-08-23,33.2350959777832,83.47673034667969
2016-08-24,33.2350959777832,83.6546859741211
2016-08-25,33.098663330078125,83.47673034667969
2016-08-26,32.8333854675293,83.14398956298828
2016-08-29,33.00014114379883,83.56182861328125
2016-08-30,32.772762298583984,82.95826721191406
2016-08-31,32.91676712036133,83.18658447265625
2016-09-01,32.85612869262695,83.60739135742188
2016-09-02,33.09109115600586,84.05936431884766
2016-09-06,33.18961715698242,84.09834289550781
2016-09-07,33.075931549072266,83.54502868652344
2016-09-08,33.06835174560547,83.28789520263672
2016-09-09,32.03757095336914,81.08261108398438
2016-09-12,32.7348518371582,82.61773681640625
2016-09-13,32.306949615478516,81.50335693359375
2016-09-14,32.17705154418945,81.86181640625
2016-09-15,32.36808395385742,82.1969223022461
2016-09-16,32.19997787475586,82.04108428955078
2016-09-19,32.16941452026367,82.34497833251953
2016-09-20,32.35279083251953,82.83594512939453
2016-09-21,32.497982025146484,83.48270416259766
2016-09-22,32.82655715942383,84.02042388916016
2016-09-23,32.65846633911133,83.64635467529297
2016-09-26,32.13121032714844,83.40477752685547
2016-09-27,32.5438232421875,83.76326751708984
2016-09-28,32.20762252807617,83.67752838134766
2016-09-29,32.11591720581055,83.97364807128906
2016-09-30,32.3375129699707,84.76070404052734
2016-10-03,32.11591720581055,84.35548400878906
2016-10-04,31.97073745727539,83.45932006835938
2016-10-05,31.94781494140625,82.60993194580078
2016-10-06,31.871395111083984,82.9138412475586
2016-10-07,31.886693954467773,82.5943374633789
2016-10-10,31.886693954467773,82.7735824584961
2016-10-11,31.741497039794922,82.26708221435547
2016-10-12,31.924898147583008,82.66447448730469
2016-10-13,31.90960693359375,82.53977966308594
2016-10-14,31.84083366394043,83.24893188476562
2016-10-17,31.787363052368164,83.26451110839844
2016-10-18,32.07007598876953,83.3424301147461
2016-10-19,32.13121032714844,82.80477142333984
2016-10-20,32.03950500488281,82.50084686279297
2016-10-21,32.19233703613281,82.30603790283203
2016-10-24,32.52090072631836,83.62297058105469
2016-10-25,32.5056266784668,83.56063079833984
2016-10-26,32.42921447753906,83.43594360351562
2016-10-27,32.1847038269043,83.09307861328125
2016-10-28,32.26875305175781,83.43594360351562
2016-10-31,32.398643493652344,83.5372543334961
2016-11-01,32.1847038269043,83.15544128417969
2016-11-02,32.13121032714844,83.15544128417969
2016-11-03,32.11591720581055,83.09307861328125
2016-11-04,31.856128692626953,82.45409393310547
2016-11-07,32.444496154785156,83.35025024414062
2016-11-08,32.76542282104492,84.72172546386719
2016-11-09,32.29932403564453,83.57621765136719
2016-11-10,31.28302764892578,80.45916748046875
2016-11-11,31.351802825927734,80.41240692138672
2016-11-14,31.45878791809082,79.0097427368164
2016-11-15,31.665098190307617,79.3681640625
2016-11-16,31.52754783630371,79.25910949707031
2016-11-17,31.42057228088379,79.18895721435547
2016-11-18,31.260112762451172,78.94738006591797
2016-11-21,31.603961944580078,79.68770599365234
2016-11-22,31.611597061157227,80.17862701416016
2016-11-23,31.42057228088379,79.11884307861328
2016-11-25,31.73386001586914,79.61756134033203
2016-11-28,31.9019775390625,80.1007080078125
2016-11-29,31.709333419799805,79.90587615966797
2016-11-30,31.092859268188477,78.58153533935547
2016-12-01,30.95415687561035,77.7415542602539
2016-12-02,31.100566864013672,78.97405242919922
2016-12-05,31.300912857055664,79.06040954589844
2016-12-06,31.26238441467285,79.71984100341797
2016-12-07,31.817209243774414,80.70896911621094
2016-12-08,31.578319549560547,80.19084167480469
2016-12-09,32.364315032958984,81.30558013916016
2016-12-12,32.287269592285156,82.20838165283203
2016-12-13,32.17938232421875,82.92278289794922
2016-12-14,31.755556106567383,82.01211547851562
2016-12-15,32.01754379272461,82.66371154785156
2016-12-16,32.163963317871094,83.11116027832031
2016-12-19,32.110023498535156,82.75007629394531
2016-12-20,32.10231399536133,82.34969329833984
2016-12-21,32.03296661376953,82.19268798828125
2016-12-22,32.01754379272461,82.70293426513672
2016-12-23,32.056087493896484,82.49884033203125
2016-12-27,32.06379318237305,82.53023529052734
2016-12-28,31.89426040649414,82.1298828125
2016-12-29,32.056087493896484,82.42033386230469
2016-12-30,31.948219299316406,82.1377182006836
2017-01-03,32.2101936340332,82.15341186523438
2017-01-04,32.094608306884766,82.31044006347656
2017-01-05,32.17168045043945,82.20052337646484
2017-01-06,32.163963317871094,82.08279418945312
2017-01-09,31.840330123901367,81.21923065185547
2017-01-10,31.624555587768555,80.049560546875
2017-01-11,31.632265090942383,79.92394256591797
2017-01-12,31.555212020874023,79.94746398925781
2017-01-13,31.501264572143555,79.71984100341797
2017-01-17,31.76325798034668,80.22224426269531
2017-01-18,31.817209243774414,80.65401458740234
2017-01-19,31.701623916625977,80.35569763183594
2017-01-20,31.840330123901367,81.0465316772461
2017-01-23,31.925079345703125,81.65101623535156
2017-01-24,32.287269592285156,82.20052337646484
2017-01-25,32.456790924072266,82.12203979492188
2017-01-26,32.21791458129883,81.7530746459961
2017-01-27,31.940513610839844,81.23494720458984
2017-01-30,31.886560440063477,81.39979553222656
2017-01-31,32.03296661376953,81.47045135498047
2017-02-01,31.79408073425293,80.86597442626953
2017-02-02,31.90196990966797,81.66670227050781
2017-02-03,32.00984191894531,82.5145492553711
2017-02-06,32.02526092529297,82.0905990600586
2017-02-07,32.287269592285156,82.90705871582031
2017-02-08,32.37972640991211,82.96985626220703
2017-02-09,31.786375045776367,83.18965911865234
2017-02-10,31.270090103149414,83.29173278808594
2017-02-13,31.300912857055664,83.62144470214844
2017-02-14,31.231565475463867,83.9354476928711
2017-02-15,31.162212371826172,83.78630828857422
2017-02-16,31.74785041809082,84.87747192382812
2017-02-17,31.770959854125977,84.90104675292969
2017-02-21,31.948219299316406,85.8509292602539
2017-02-22,32.056087493896484,85.8901596069336
2017-02-23,32.10231399536133,85.99221801757812
2017-02-24,32.194801330566406,86.21989440917969
2017-02-27,32.110023498535156,85.78028106689453
2017-02-28,32.33348846435547,86.65165710449219
2017-03-01,32.48760223388672,86.73306274414062
2017-03-02,32.726478576660156,87.03343963623047
2017-03-03,32.734195709228516,87.38909912109375
2017-03-06,32.503021240234375,86.65400695800781
2017-03-07,32.35660934448242,86.40899658203125
2017-03-08,32.35660934448242,86.39319610595703
2017-03-09,32.387428283691406,86.17185974121094
2017-03-10,32.5877799987793,86.62240600585938
2017-03-13,32.67329788208008,86.48011779785156
2017-03-14,32.62666320800781,86.4247817993164
2017-03-15,32.743263244628906,87.82386016845703
2017-03-16,32.844322204589844,87.84756469726562
2017-03-17,32.67329788208008,88.04517364501953
2017-03-20,32.78990173339844,87.85545349121094
2017-03-21,33.03866958618164,88.34551239013672
2017-03-22,32.94538116455078,88.54314422607422
2017-03-23,32.782127380371094,88.35342407226562
2017-03-24,32.743263244628906,88.6221694946289
2017-03-27,32.898738861083984,88.39295959472656
2017-03-28,32.984249114990234,88.88301086425781
2017-03-29,32.976470947265625,88.8672103881836
2017-03-30,33.116397857666016,88.66960906982422
2017-03-31,32.99201583862305,88.41666412353516
2017-04-03,32.96870040893555,88.41666412353516
2017-04-04,33.1785888671875,88.590576171875
2017-04-05,33.09307098388672,88.47990417480469
2017-04-06,33.17082214355469,88.19535827636719
2017-04-07,33.124183654785156,88.21906280517578
2017-04-10,33.18636703491211,88.54314422607422
2017-04-11,33.163047790527344,88.31390380859375
2017-04-12,33.380706787109375,89.79991149902344
2017-04-13,33.264102935791016,89.0647964477539
2017-04-17,33.48176956176758,89.5706787109375
2017-04-18,33.80048751831055,90.3294906616211
2017-04-19,33.60615921020508,89.80778503417969
2017-04-20,33.497318267822266,89.78408813476562
2017-04-21,33.48176956176758,89.6576156616211
2017-04-24,33.64501953125,90.36109161376953
2017-04-25,33.51286315917969,90.23463439941406
2017-04-26,33.61392593383789,89.57858276367188
2017-04-27,33.43512725830078,89.03319549560547
2017-04-28,33.5439567565918,89.53905487060547
2017-05-01,33.59837341308594,88.74864196777344
2017-05-02,33.73052978515625,88.7565689086914
2017-05-03,33.676116943359375,88.36131286621094
2017-05-04,33.9404296875,89.2861328125
2017-05-05,33.963748931884766,89.49163818359375
2017-05-08,34.11922836303711,89.49163818359375
2017-05-09,33.823822021484375,89.0964126586914
2017-05-10,33.87046432495117,89.19127655029297
2017-05-11,33.948204040527344,89.349365234375
2017-05-12,33.88600158691406,89.24662017822266
2017-05-15,33.994834899902344,90.06075286865234
2017-05-16,34.088138580322266,89.94219207763672
2017-05-17,34.15032196044922,89.90264892578125
2017-05-18,34.04926681518555,90.13188934326172
2017-05-19,34.12699508666992,89.86314392089844
2017-05-22,34.34467315673828,90.66144561767578
2017-05-23,34.50791549682617,90.93814086914062
2017-05-24,35.00543975830078,91.73644256591797
2017-05-25,35.300838470458984,92.89837646484375
2017-05-26,35.285282135009766,93.19871520996094
2017-05-30,35.316383361816406,93.27776336669922
2017-05-31,35.34748458862305,93.01113891601562
2017-06-01,35.59626007080078,93.29769134521484
2017-06-02,35.673980712890625,93.64783477783203
2017-06-05,35.75172805786133,93.81494903564453
2017-06-06,35.74394989013672,93.67171478271484
2017-06-07,35.37857437133789,93.15438842773438
2017-06-08,35.08317184448242,92.2312240600586
2017-06-09,35.23087692260742,92.27102661132812
2017-06-12,35.2386589050293,92.50180053710938
2017-06-13,35.29351043701172,92.57342529296875
2017-06-14,35.50513458251953,93.40906524658203
2017-06-15,35.4659538269043,93.2817153930664
2017-06-16,35.512969970703125,93.0031967163086
2017-06-19,35.567848205566406,93.34541320800781
2017-06-20,35.748104095458984,93.87065124511719
2017-06-21,35.44242858886719,93.4488525390625
2017-06-22,35.32487106323242,92.43814086914062
2017-06-23,35.4659538269043,93.082763671875
2017-06-26,35.60702896118164,93.2101058959961
2017-06-27,35.30919647216797,92.27102661132812
2017-06-28,35.52080154418945,92.62117004394531
2017-06-29,35.13676452636719,91.66617584228516
2017-06-30,35.15243148803711,91.9128646850586
2017-07-03,35.081886291503906,91.87307739257812
2017-07-05,35.128929138183594,91.76167297363281
2017-07-06,34.79973602294922,91.6263656616211
2017-07-07,34.791900634765625,91.92878723144531
2017-07-10,34.7840576171875,90.9419174194336
2017-07-11,34.744869232177734,90.5201416015625
2017-07-12,34.885948181152344,91.3398666381836
2017-07-13,34.8232421875,90.74297332763672
2017-07-14,35.01920700073242,91.46720123291016
2017-07-17,35.05838394165039,91.46720123291016
2017-07-18,35.0113525390625,91.53085327148438
2017-07-19,35.13676452636719,91.79351043701172
2017-07-20,35.128929138183594,91.92878723144531
2017-07-21,35.29351043701172,92.82014465332031
2017-07-24,35.144596099853516,92.42220306396484
2017-07-25,35.45811080932617,92.6768798828125
2017-07-26,35.85000228881836,93.26583099365234
2017-07-27,36.14783477783203,93.38518524169922
2017-07-28,36.06161880493164,92.8042221069336
2017-07-31,35.92837905883789,92.8042221069336
2017-08-01,35.81864929199219,92.25508117675781
2017-08-02,35.73242950439453,92.00836944580078
2017-08-03,35.79513168334961,92.55750274658203
2017-08-04,35.661888122558594,92.61323547363281
2017-08-07,35.771610260009766,93.082763671875
2017-08-08,35.740264892578125,92.88381958007812
2017-08-09,35.73242950439453,92.82014465332031
2017-08-10,35.85000228881836,92.62117004394531
2017-08-11,35.73242950439453,92.72466278076172
2017-08-14,35.89702224731445,93.78312683105469
2017-08-15,36.202701568603516,94.68243408203125
2017-08-16,36.21053695678711,94.78589630126953
2017-08-17,35.944053649902344,94.22081756591797
2017-08-18,35.79513168334961,93.59212493896484
2017-08-21,35.80297088623047,94.11735534667969
2017-08-22,35.740264892578125,93.84679412841797
2017-08-23,35.6932373046875,93.34541320800781
2017-08-24,35.59135437011719,92.49384307861328
2017-08-25,35.716758728027344,92.19938659667969
2017-08-28,35.59918975830078,91.95268249511719
2017-08-29,35.622703552246094,92.19139099121094
2017-08-30,35.57567596435547,92.28357696533203
2017-08-31,35.70108413696289,92.74840545654297
2017-09-01,35.88134765625,92.83655548095703
2017-09-05,35.99107360839844,92.860595703125
2017-09-06,36.02241897583008,93.24530029296875
2017-09-07,36.27324295043945,93.75819396972656
2017-09-08,36.28890609741211,92.19542694091797
2017-09-11,36.46135330200195,92.71637725830078
2017-09-12,36.618099212646484,92.16338348388672
2017-09-13,36.73567581176758,91.72259521484375
2017-09-14,36.42757034301758,91.51422119140625
2017-09-15,36.48286056518555,92.04315948486328
2017-09-18,36.42757034301758,92.15535736083984
2017-09-19,36.324859619140625,91.75464630126953
2017-09-20,36.1668586730957,91.02535247802734
2017-09-21,35.86664962768555,90.40026092529297
2017-09-22,35.9377555847168,89.6388931274414
2017-09-25,36.09575271606445,89.7110366821289
2017-09-26,36.000953674316406,89.60681915283203
2017-09-27,35.26624298095703,89.03782653808594
2017-09-28,35.47955322265625,89.4706039428711
2017-09-29,35.558555603027344,89.30231475830078
2017-10-02,35.39264678955078,87.4510269165039
2017-10-03,35.700740814208984,87.45903778076172
2017-10-04,35.945648193359375,87.62732696533203
2017-10-05,35.961448669433594,88.51689910888672
2017-10-06,35.9377555847168,88.47685241699219
2017-10-09,35.87454605102539,88.16429138183594
2017-10-10,36.23796081542969,88.78138732910156
2017-10-11,36.419654846191406,89.36641693115234
2017-10-12,36.42757034301758,90.11975860595703
2017-10-13,36.48286056518555,90.2559814453125
2017-10-16,36.83046340942383,91.017333984375
2017-10-17,36.75146484375,89.911376953125
2017-10-18,36.65666198730469,89.71903228759766
2017-10-19,36.8067626953125,90.29606628417969
2017-10-20,36.64086151123047,89.44657135009766
2017-10-23,36.593467712402344,89.51070404052734
2017-10-24,36.48286056518555,88.75735473632812
2017-10-25,36.380157470703125,88.21238708496094
2017-10-26,36.52236557006836,88.74129486083984
2017-10-27,36.39596176147461,88.6371078491211
2017-10-30,36.23006057739258,87.87577056884766
2017-10-31,36.324859619140625,88.34061431884766
2017-11-01,36.18265151977539,88.26045989990234
2017-11-02,36.24585723876953,88.19634246826172
2017-11-03,36.31695556640625,88.33258819580078
2017-11-06,35.92195510864258,87.5632095336914
2017-11-07,36.29325866699219,88.53294372558594
2017-11-08,36.48286056518555,89.75912475585938
2017-11-09,36.52236557006836,89.34236907958984
2017-11-10,36.76726531982422,90.36018371582031
2017-11-13,36.90946960449219,91.3940200805664
2017-11-14,37.47038650512695,92.77246856689453
2017-11-15,36.980567932128906,92.2435073852539
2017-11-16,36.775169372558594,92.34771728515625
2017-11-17,36.1115608215332,91.90689849853516
2017-11-20,35.91404342651367,92.09123992919922
2017-11-21,36.1668586730957,93.00487518310547
2017-11-22,36.21426010131836,92.22747802734375
2017-11-24,36.24585723876953,92.88465881347656
2017-11-27,36.261661529541016,92.84459686279297
2017-11-28,36.206356048583984,93.5818862915039
2017-11-29,35.945648193359375,93.63796997070312
2017-11-30,36.455406188964844,94.02938079833984
2017-12-01,36.614707946777344,94.23917388916016
2017-12-04,36.82179260253906,94.78794860839844
2017-12-05,36.8456916809082,94.89282989501953
2017-12-06,36.99702072143555,95.95001220703125
2017-12-07,36.46337127685547,94.1988525390625
2017-12-08,36.08902359008789,94.06973266601562
2017-12-11,36.10495376586914,94.73146057128906
2017-12-12,36.073089599609375,94.73951721191406
2017-12-13,36.5589485168457,95.06230163574219
2017-12-14,36.66249465942383,95.23983764648438
2017-12-15,36.78993225097656,96.20820617675781
2017-12-18,36.58284378051758,95.26405334472656
2017-12-19,36.742149353027344,95.71595764160156
2017-12-20,36.70232009887695,96.04681396484375
2017-12-21,36.320003509521484,95.4334945678711
2017-12-22,36.312034606933594,95.70790100097656
2017-12-26,36.48726272583008,95.94192504882812
2017-12-27,36.58284378051758,96.27278137207031
2017-12-28,36.41558837890625,96.31312561035156
2017-12-29,36.54302978515625,96.77310943603516
2018-01-02,36.272216796875,95.2721176147461
2018-01-03,36.192562103271484,95.02197265625
2018-01-04,36.70232009887695,95.4900131225586
2018-01-05,36.6943473815918,95.76438903808594
2018-01-08,36.63859558105469,95.21562194824219
2018-01-09,36.82179260253906,95.28826141357422
2018-01-10,36.6943473815918,94.80406951904297
2018-01-11,36.67046356201172,94.31989288330078
2018-01-12,36.75807189941406,94.72338104248047
2018-01-16,37.06073760986328,95.1107406616211
2018-01-17,37.291717529296875,96.17594146728516
2018-01-18,37.33952331542969,96.07103729248047
2018-01-19,37.562530517578125,96.97483825683594
2018-01-22,37.73775863647461,98.05620574951172
2018-01-23,37.79350280761719,97.88674926757812
2018-01-24,38.09618377685547,97.75762176513672
2018-01-25,38.104148864746094,97.5639419555664
2018-01-26,38.653724670410156,98.2579574584961
2018-01-29,37.99263381958008,96.57135772705078
2018-01-30,37.76165771484375,96.74890899658203
2018-01-31,37.90502166748047,97.07976531982422
2018-02-01,37.79350280761719,97.07976531982422
2018-02-02,37.22004699707031,95.76438903808594
2018-02-05,35.75449752807617,92.36698913574219
2018-02-06,35.57927322387695,91.64070129394531
2018-02-07,35.49165344238281,91.59228515625
2018-02-08,34.32878112792969,88.88893127441406
2018-02-09,34.3526725769043,89.72008514404297
2018-02-12,35.021724700927734,90.32533264160156
2018-02-13,35.19694900512695,90.49480438232422
2018-02-14,35.125274658203125,88.0496597290039
2018-02-15,35.66687774658203,89.55062866210938
2018-02-16,35.826175689697266,89.62325286865234
2018-02-20,35.03765106201172,88.34822845458984
2018-02-21,34.51993942260742,87.15391540527344
2018-02-22,34.66331100463867,88.17070007324219
2018-02-23,35.07746887207031,88.50962829589844
2018-02-26,35.06951904296875,89.52644348144531
2018-02-27,34.74294662475586,89.48606872558594
2018-02-28,34.42435836791992,88.54998016357422
2018-03-01,34.59160614013672,87.89554595947266
2018-03-02,34.82260513305664,88.64347839355469
2018-03-05,34.9579963684082,88.96050262451172
2018-03-06,34.98986053466797,89.08244323730469
2018-03-07,34.90224838256836,89.29383087158203
2018-03-08,35.404029846191406,91.11483001708984
2018-03-09,35.6987419128418,91.48877716064453
2018-03-12,35.467750549316406,91.65949249267578
2018-03-13,35.499610900878906,92.35050201416016
2018-03-14,35.17820358276367,91.54569244384766
2018-03-15,35.08982467651367,91.04164123535156
2018-03-16,34.92107391357422,90.75711822509766
2018-03-19,34.760379791259766,89.71656799316406
2018-03-20,34.680030822753906,89.34259033203125
2018-03-21,34.55146789550781,88.39959716796875
2018-03-22,34.35860061645508,87.74922943115234
2018-03-23,34.01311111450195,86.29405212402344
2018-03-26,34.302364349365234,86.83059692382812
2018-03-27,34.463077545166016,87.50534057617188
2018-03-28,34.808589935302734,88.7573013305664
2018-03-29,34.89696502685547,88.73287963867188
2018-04-02,34.28630065917969,87.02571868896484
2018-04-03,34.85680389404297,87.95248413085938
2018-04-04,35.547828674316406,89.5702133178711
2018-04-05,35.6763916015625,89.88726043701172
2018-04-06,35.29069519042969,88.85484313964844
2018-04-09,35.2183837890625,88.91986083984375
2018-04-10,35.34695053100586,88.93611145019531
2018-04-11,35.34695053100586,88.35081481933594
2018-04-12,35.37907791137695,88.05000305175781
2018-04-13,35.76477813720703,88.82231903076172
2018-04-16,35.901371002197266,89.35885620117188
2018-04-17,36.062076568603516,88.50526428222656
2018-04-18,35.76477813720703,86.96881103515625
2018-04-19,35.60407638549805,85.82254791259766
2018-04-20,35.14606857299805,83.31053924560547
2018-04-23,35.33891296386719,83.391845703125
2018-04-24,34.607704162597656,82.46509552001953
2018-04-25,34.09345626831055,82.22933197021484
2018-04-26,34.3505744934082,83.94463348388672
2018-04-27,34.80055618286133,82.68458557128906
2018-04-30,34.72018814086914,82.05860137939453
2018-05-01,34.22201156616211,80.58720397949219
2018-05-02,33.796142578125,79.04258728027344
2018-05-03,33.6595458984375,79.34339141845703
2018-05-04,34.037208557128906,80.47335052490234
2018-05-07,33.860435485839844,79.85553741455078
2018-05-08,33.595272064208984,78.68489837646484
2018-05-09,33.571163177490234,78.17271423339844
2018-05-10,33.89256286621094,79.07511138916016
2018-05-11,33.860435485839844,79.2052001953125
2018-05-14,33.78008270263672,78.9775619506836
2018-05-15,33.5229606628418,78.6930160522461
2018-05-16,33.3863410949707,79.01006317138672
2018-05-17,33.988990783691406,79.60353088378906
2018-05-18,33.89256286621094,79.27020263671875
2018-05-21,34.07738494873047,80.89611053466797
2018-05-22,33.948814392089844,81.2375259399414
2018-05-23,34.0693473815918,81.6602783203125
2018-05-24,34.005062103271484,81.44078826904297
2018-05-25,34.0693473815918,81.54647064208984
2018-05-29,34.294334411621094,82.18868255615234
2018-05-30,34.65592575073242,82.78214263916016
2018-05-31,34.55146789550781,82.24723052978516
2018-06-01,34.64788818359375,82.24723052978516
2018-06-04,34.94518280029297,82.14056396484375
2018-06-05,34.63985061645508,82.21441650390625
2018-06-06,34.92107391357422,82.72306823730469
2018-06-07,34.90501403808594,82.9937973022461
2018-06-08,35.31480026245117,84.08496856689453
2018-06-11,35.459442138671875,84.67568969726562
2018-06-12,35.68443298339844,85.71760559082031
2018-06-13,35.49961471557617,86.36573028564453
2018-06-14,35.329376220703125,86.2508773803711
2018-06-15,35.76713562011719,88.2855224609375
2018-06-18,35.30504608154297,86.45597839355469
2018-06-19,35.3455810546875,86.93182373046875
2018-06-20,35.06996154785156,86.80876159667969
2018-06-21,34.9321403503418,87.98198699951172
2018-06-22,35.06185531616211,88.9090347290039
2018-06-25,35.329376220703125,89.417724609375
2018-06-26,35.12670135498047,88.64651489257812
2018-06-27,34.91592788696289,88.82699584960938
2018-06-28,35.240196228027344,89.16339874267578
2018-06-29,35.556365966796875,89.31926727294922
2018-07-02,35.46718215942383,89.86074829101562
2018-07-03,35.6617546081543,89.2618179321289
2018-07-05,36.20490646362305,89.87712860107422
2018-07-06,36.188690185546875,89.88533020019531
2018-07-09,35.9941291809082,88.40857696533203
2018-07-10,36.456214904785156,92.61737060546875
2018-07-11,36.31029510498047,92.33021545410156
2018-07-12,36.213016510009766,91.50157165527344
2018-07-13,36.26976013183594,92.4532470703125
2018-07-16,36.26165008544922,92.6747817993164
2018-07-17,36.68321228027344,94.2499771118164
2018-07-18,36.57781982421875,94.20897674560547
2018-07-19,36.569705963134766,94.98017120361328
2018-07-20,36.70752716064453,95.17705535888672
2018-07-23,36.44000244140625,93.84796905517578
2018-07-24,36.691314697265625,94.1351318359375
2018-07-25,37.364173889160156,94.52071380615234
2018-07-26,37.48576736450195,94.34844207763672
2018-07-27,37.46146011352539,93.75772857666016
2018-07-30,37.47767639160156,93.67568969726562
2018-07-31,37.80195617675781,94.34844207763672
2018-08-01,37.607383728027344,93.20804595947266
2018-08-02,37.4371337890625,94.09410095214844
2018-08-03,37.7938346862793,95.41496276855469
2018-08-06,37.81815719604492,96.30104064941406
2018-08-07,37.69655990600586,93.70850372314453
2018-08-08,37.41281509399414,93.10958862304688
2018-08-09,37.574954986572266,93.2818832397461
2018-08-10,37.3560676574707,92.60094451904297
2018-08-13,37.15339660644531,92.72401428222656
2018-08-14,37.20204162597656,92.78965759277344
2018-08-15,37.3560676574707,93.07676696777344
2018-08-16,37.469566345214844,93.73312377929688
2018-08-17,37.777618408203125,94.31562805175781
2018-08-20,37.88301086425781,94.21717834472656
2018-08-21,37.469566345214844,93.29830169677734
2018-08-22,37.234466552734375,92.08406829833984
2018-08-23,37.04800796508789,91.82974243164062
2018-08-24,36.991268157958984,92.0102310180664
2018-08-27,37.03990936279297,92.22355651855469
2018-08-28,36.780487060546875,91.20623016357422
2018-08-29,36.7480583190918,91.92819213867188
2018-08-30,36.44000244140625,91.85433959960938
2018-08-31,36.13193893432617,91.89537048339844
2018-09-04,36.28596878051758,91.06672668457031
2018-09-05,36.78860092163086,92.8060531616211
2018-09-06,37.10476303100586,93.88802337646484
2018-09-07,37.06422424316406,93.25935363769531
2018-09-10,37.3398551940918,93.94593811035156
2018-09-11,37.30742263793945,93.74742126464844
2018-09-12,37.48576736450195,94.17757415771484
2018-09-13,37.46942138671875,95.1205825805664
2018-09-14,37.600242614746094,94.77314758300781
2018-09-17,37.87002944946289,95.45972442626953
2018-09-18,37.551185607910156,94.28511047363281
2018-09-19,37.575706481933594,94.11138153076172
2018-09-20,38.13166809082031,95.31082916259766
2018-09-21,38.08261489868164,95.05438995361328
2018-09-24,37.6656494140625,92.87056732177734
2018-09-25,37.34679412841797,92.62239837646484
2018-09-26,37.48576736450195,92.2336196899414
2018-09-27,37.6165885925293,91.86138153076172
2018-09-28,37.763755798339844,92.48177337646484
2018-10-01,37.79644775390625,91.58011627197266
2018-10-02,38.02537536621094,89.9339828491211
2018-10-03,37.50212860107422,88.94131469726562
2018-10-04,37.48576736450195,88.1885757446289
2018-10-05,37.510311126708984,88.08930969238281
2018-10-08,38.0008430480957,89.49556732177734
2018-10-09,37.92726135253906,89.43765258789062
2018-10-10,37.34679412841797,88.79242706298828
2018-10-11,36.49650955200195,86.90640258789062
2018-10-12,36.52920913696289,87.08839416503906
2018-10-15,36.71725845336914,87.37792205810547
2018-10-16,37.19145202636719,88.83375549316406
2018-10-17,37.49395751953125,89.59479522705078
2018-10-18,37.2895622253418,89.2804946899414
2018-10-19,37.878211975097656,91.23269653320312
2018-10-22,37.583892822265625,90.49646759033203
2018-10-23,37.902732849121094,91.100341796875
2018-10-24,38.20524597167969,93.44135284423828
2018-10-25,38.02537536621094,93.35035705566406
2018-10-26,37.54300308227539,91.36505889892578
2018-10-29,37.9845085144043,93.38346099853516
2018-10-30,38.941062927246094,94.11138153076172
2018-10-31,39.145450592041016,92.96155548095703
2018-11-01,39.03099822998047,92.24188232421875
2018-11-02,39.243560791015625,91.96064758300781
2018-11-05,39.807682037353516,94.62423706054688
2018-11-06,40.15107345581055,95.30255126953125
2018-11-07,40.3636360168457,95.63343048095703
2018-11-08,40.33094024658203,96.00567626953125
2018-11-09,40.61708068847656,97.1803207397461
2018-11-12,40.77242660522461,96.75845336914062
2018-11-13,40.76425552368164,96.8990707397461
2018-11-14,40.68248748779297,96.49374389648438
2018-11-15,40.6661376953125,96.61780548095703
2018-11-16,41.01770782470703,97.9000015258789
2018-11-19,41.29566955566406,98.44595336914062
2018-11-20,40.3718147277832,95.95604705810547
2018-11-21,39.84038162231445,95.36048126220703
2018-11-23,40.07749938964844,95.4679946899414
2018-11-26,39.95484161376953,95.84024810791016
2018-11-27,40.3636360168457,96.32003021240234
2018-11-28,40.64161682128906,98.02406311035156
2018-11-29,40.36144256591797,97.83379364013672
2018-11-30,41.53158187866211,100.86965942382812
2018-12-03,40.946502685546875,98.4211196899414
2018-12-04,40.85586166381836,97.44503021240234
2018-12-06,40.69105911254883,97.41835021972656
2018-12-07,40.452083587646484,96.56788635253906
2018-12-10,40.57568359375,96.87638854980469
2018-12-11,40.822906494140625,97.79354095458984
2018-12-12,40.55922317504883,97.5517578125
2018-12-13,40.765228271484375,98.67736053466797
2018-12-14,40.6580924987793,95.00875091552734
2018-12-17,39.82582092285156,94.1082763671875
2018-12-18,39.817569732666016,93.24946594238281
2018-12-19,39.47148132324219,91.7486801147461
2018-12-20,39.1748161315918,91.89041900634766
2018-12-21,39.19953918457031,91.23172760009766
2018-12-24,37.87283706665039,88.40523529052734
2018-12-26,38.680397033691406,90.32291412353516
2018-12-27,39.16658020019531,91.23172760009766
2018-12-28,38.8946533203125,92.01549530029297
2018-12-31,39.018253326416016,92.11553192138672
2019-01-02,38.67216491699219,91.11500549316406
2019-01-03,38.433197021484375,90.26454162597656
2019-01-04,39.19953918457031,92.11553192138672
2019-01-07,38.68864440917969,91.32345581054688
2019-01-08,39.12538146972656,92.19890594482422
2019-01-09,38.37551498413086,89.62255096435547
2019-01-10,38.78752517700195,90.17284393310547
2019-01-11,39.010009765625,90.1811752319336
2019-01-14,38.85346221923828,89.48080444335938
2019-01-15,39.19953918457031,90.87322235107422
2019-01-16,38.663917541503906,90.33124542236328
2019-01-17,38.7792854309082,91.06499481201172
2019-01-18,39.232513427734375,91.77368927001953
2019-01-22,39.323158264160156,91.64028930664062
2019-01-23,39.776371002197266,92.323974609375
2019-01-24,39.29843521118164,91.29842376708984
2019-01-25,39.034732818603516,91.1733627319336
2019-01-28,38.86991882324219,90.7314682006836
2019-01-29,39.05946350097656,90.88152313232422
2019-01-30,39.43852615356445,92.39903259277344
2019-01-31,39.661014556884766,93.94151306152344
2019-02-01,40.130706787109375,93.54126739501953
2019-02-04,40.58392333984375,94.29167938232422
2019-02-05,40.5921745300293,94.13327026367188
2019-02-06,40.5921745300293,94.2583236694336
2019-02-07,40.72401428222656,94.29167938232422
2019-02-08,40.789947509765625,94.23332977294922
2019-02-11,40.88058853149414,94.1916275024414
2019-02-12,40.921783447265625,94.87532806396484
2019-02-13,41.02891540527344,95.15045928955078
2019-02-14,37.56795120239258,93.87478637695312
2019-02-15,37.279537200927734,96.6429214477539
2019-02-19,36.941680908203125,96.65960693359375
2019-02-20,37.16416549682617,96.57621002197266
2019-02-21,37.790443420410156,96.80134582519531
2019-02-22,37.312496185302734,97.35163116455078
2019-02-25,37.032318115234375,96.76800537109375
2019-02-26,36.82632064819336,96.69295501708984
2019-02-27,37.032318115234375,96.19268035888672
2019-02-28,37.3619384765625,97.19964599609375
2019-03-01,37.39490509033203,97.6535415649414
2019-03-04,37.61738586425781,97.6451416015625
2019-03-05,37.57619094848633,97.52745819091797
2019-03-06,37.45258712768555,98.05701446533203
2019-03-07,37.312496185302734,97.58631896972656
2019-03-08,36.949920654296875,96.85504913330078
2019-03-11,38.05413055419922,97.99815368652344
2019-03-12,37.94701385498047,97.98136138916016
2019-03-13,38.08708953857422,97.9897689819336
2019-03-14,37.98733901977539,97.08200073242188
2019-03-15,37.65485382080078,97.21647644042969
2019-03-18,37.74628448486328,98.56974029541016
2019-03-19,37.870975494384766,99.25896453857422
2019-03-20,37.846038818359375,99.45230102539062
2019-03-21,37.829410552978516,100.3936767578125
2019-03-22,38.178531646728516,101.46958923339844
2019-03-25,38.26165008544922,101.57887268066406
2019-03-26,38.7686882019043,102.5622787475586
2019-03-27,38.743770599365234,102.45301055908203
2019-03-28,38.718833923339844,102.41098022460938
2019-03-29,38.95158004760742,103.00778198242188
2019-04-01,38.835205078125,102.54546356201172
2019-04-02,38.71052169799805,102.27649688720703
2019-04-03,38.38633346557617,102.17562866210938
2019-04-04,38.63570022583008,102.10000610351562
2019-04-05,38.62739181518555,102.22605895996094
2019-04-08,38.69389343261719,102.54546356201172
2019-04-09,38.793636322021484,102.6883544921875
2019-04-10,38.7686882019043,102.57909393310547
2019-04-11,38.82688903808594,102.26810455322266
2019-04-12,38.85182189941406,102.73880004882812
2019-04-15,39.06794357299805,103.94075775146484
2019-04-16,39.026390075683594,102.89010620117188
2019-04-17,39.300689697265625,106.7565689086914
2019-04-18,39.466949462890625,106.82379913330078
2019-04-22,39.400447845458984,106.27745056152344
2019-04-23,40.07373046875,106.82379913330078
2019-04-24,39.88255310058594,106.68092346191406
2019-04-25,39.76618194580078,106.01689147949219
2019-04-26,40.115299224853516,106.24384307861328
2019-04-29,40.248291015625,106.48759460449219
2019-04-30,40.78029251098633,107.6307144165039
2019-05-01,40.38960647583008,106.94988250732422
2019-05-02,40.22336196899414,106.60526275634766
2019-05-03,40.49766540527344,107.3113021850586
2019-05-06,40.28986740112305,106.97508239746094
2019-05-07,39.899173736572266,105.89081573486328
2019-05-08,39.774497985839844,105.92440795898438
2019-05-09,39.400447845458984,105.94963836669922
2019-05-10,40.0571174621582,107.59706115722656
2019-05-13,39.94074249267578,106.88265228271484
2019-05-14,40.47273254394531,107.0927734375
2019-05-15,40.880035400390625,108.72342681884766
2019-05-16,41.2125244140625,109.49668884277344
2019-05-17,40.896663665771484,109.69844818115234
2019-05-20,40.6057243347168,109.2613525390625
2019-05-21,40.39791488647461,108.47126770019531
2019-05-22,41.270721435546875,109.32860565185547
2019-05-23,41.436954498291016,109.24455261230469
2019-05-24,41.237464904785156,108.84950256347656
2019-05-28,40.813541412353516,107.27770233154297
2019-05-29,40.40623092651367,107.73158264160156
2019-05-30,40.9382209777832,108.10143280029297
2019-05-31,40.83847427368164,107.58868408203125
2019-06-03,41.545021057128906,108.41240692138672
2019-06-04,41.561641693115234,108.48805236816406
2019-06-05,42.21000289916992,110.4381103515625
2019-06-06,42.725372314453125,111.74624633789062
2019-06-07,42.8001823425293,113.00782775878906
2019-06-10,42.70874786376953,113.10941314697266
2019-06-11,42.66718673706055,112.77919006347656
2019-06-12,42.924861907958984,112.7283935546875
2019-06-13,42.83271408081055,112.55909729003906
2019-06-14,42.98350143432617,112.38126373291016
2019-06-17,42.614906311035156,112.20345306396484
2019-06-18,42.4222297668457,111.81399536132812
2019-06-19,42.8243408203125,112.48286437988281
2019-06-20,43.276710510253906,113.59203338623047
2019-06-21,43.1845588684082,113.42268371582031
2019-06-24,43.49451446533203,113.57508850097656
2019-06-25,43.3604736328125,113.29569244384766
2019-06-26,42.8243408203125,112.03413391113281
2019-06-27,42.79082489013672,111.50071716308594
2019-06-28,42.65679168701172,111.02655029296875
2019-07-01,43.226436614990234,111.65312194824219
2019-07-02,43.5447883605957,112.12725067138672
2019-07-03,43.64530944824219,113.44811248779297
2019-07-05,43.65369415283203,112.62683868408203
2019-07-08,43.561527252197266,112.23734283447266
2019-07-09,43.218074798583984,111.54304504394531
2019-07-10,43.410743713378906,113.80372619628906
2019-07-11,43.595035552978516,113.75292205810547
2019-07-12,43.66206359863281,112.8469467163086
2019-07-15,43.67044448852539,113.58358001708984
2019-07-16,43.678802490234375,113.28721618652344
2019-07-17,43.71232604980469,112.423583984375
2019-07-18,43.586669921875,112.50827026367188
2019-07-19,43.05052947998047,110.14598846435547
2019-07-22,42.908111572265625,110.306884765625
2019-07-23,45.513431549072266,110.69635772705078
2019-07-24,45.05268859863281,109.40091705322266
2019-07-25,44.457908630371094,109.21464538574219
2019-07-26,45.37939453125,111.10277557373047
2019-07-29,45.228599548339844,111.36522674560547
2019-07-30,45.00241470336914,110.47621154785156
2019-07-31,44.089298248291016,108.21556091308594
2019-08-01,43.586669921875,107.64828491210938
2019-08-02,43.83798599243164,108.30867004394531
2019-08-05,43.26832962036133,105.32832336425781
2019-08-06,43.7877197265625,107.06403350830078
2019-08-07,44.550048828125,108.19015502929688
2019-08-08,44.97727966308594,109.62104797363281
2019-08-09,44.751094818115234,108.88446044921875
2019-08-12,44.566810607910156,108.67277526855469
2019-08-13,44.81812286376953,110.01053619384766
2019-08-14,44.39088439941406,109.32467651367188
2019-08-15,45.128074645996094,110.67943572998047
2019-08-16,45.580448150634766,111.55997467041016
2019-08-19,45.81500244140625,112.24581146240234
2019-08-20,45.1364631652832,111.81399536132812
2019-08-21,45.320762634277344,112.05106353759766
2019-08-22,45.64746856689453,112.3219985961914
2019-08-23,45.019168853759766,110.29840087890625
2019-08-26,45.689353942871094,113.23641204833984
2019-08-27,45.84013748168945,114.10004425048828
2019-08-28,46.16685485839844,114.46410369873047
2019-08-29,46.11658477783203,115.16687774658203
2019-08-30,46.10821533203125,115.76805114746094
2019-09-03,46.32602310180664,116.38611602783203
2019-09-04,46.71975326538086,117.81702423095703
2019-09-05,46.17522430419922,115.92865753173828
2019-09-06,46.26737594604492,117.1136703491211
2019-09-09,45.6725959777832,116.28667449951172
2019-09-10,45.57207489013672,115.8263168334961
2019-09-11,45.88202667236328,116.25261688232422
2019-09-12,46.16685485839844,117.04545593261719
2019-09-13,45.7871208190918,116.32081604003906
2019-09-16,45.53396224975586,114.99085235595703
2019-09-17,45.7702522277832,115.68992614746094
2019-09-18,45.76180648803711,115.51942443847656
2019-09-19,46.00652313232422,115.50238800048828
2019-09-20,45.49177169799805,114.84589385986328
2019-09-23,45.68586730957031,115.46829223632812
2019-09-24,45.82088088989258,115.40008544921875
2019-09-25,45.711177825927734,115.16986846923828
2019-09-26,45.896820068359375,115.70697021484375
2019-09-27,45.829322814941406,115.60466003417969
2019-09-30,45.93901062011719,116.88349914550781
2019-10-01,46.1162223815918,117.1136703491211
2019-10-02,44.791385650634766,114.18946075439453
2019-10-03,45.43271255493164,117.59107971191406
2019-10-04,46.023406982421875,119.59457397460938
2019-10-07,45.45801544189453,117.94064331054688
2019-10-08,45.21331024169922,117.00287628173828
2019-10-09,45.42427444458008,117.52291107177734
2019-10-10,45.28081512451172,117.55701446533203
2019-10-11,44.97703170776367,117.34385681152344
2019-10-14,44.97703170776367,117.18186950683594
2019-10-15,45.15424346923828,116.22702026367188
2019-10-16,45.137359619140625,116.30376434326172
2019-10-17,45.39051818847656,116.76414489746094
2019-10-18,46.225929260253906,116.15882110595703
2019-10-21,45.76180648803711,116.04796600341797
2019-10-22,45.441139221191406,116.50836944580078
2019-10-23,46.107791900634766,117.18186950683594
2019-10-24,46.08246612548828,117.55701446533203
2019-10-25,45.35676193237305,116.49131774902344
2019-10-28,45.204864501953125,116.43165588378906
2019-10-29,45.06985092163086,116.01387023925781
2019-10-30,45.51708221435547,116.71298217773438
2019-10-31,45.930572509765625,116.94317626953125
2019-11-01,45.483341217041016,116.7385482788086
2019-11-04,44.84201431274414,115.22953796386719
2019-11-05,44.23444366455078,114.2491455078125
2019-11-06,44.55510711669922,114.61573028564453
2019-11-07,44.12474060058594,113.6608657836914
2019-11-08,44.057228088378906,113.4989013671875
2019-11-11,43.74501419067383,112.8680191040039
2019-11-12,43.63530731201172,112.51846313476562
2019-11-13,44.226009368896484,113.63528442382812
2019-11-14,44.411651611328125,113.66942596435547
2019-11-15,44.445396423339844,114.07862854003906
2019-11-18,44.74918746948242,114.29175567626953
2019-11-19,44.791385650634766,114.7265396118164
2019-11-20,44.90952682495117,114.01893615722656
2019-11-21,44.69012451171875,114.16390228271484
2019-11-22,44.74918746948242,114.30028533935547
2019-11-25,44.90952682495117,114.0956802368164
2019-11-26,45.483341217041016,115.68992614746094
2019-11-27,45.5255241394043,115.86897277832031
2019-11-29,45.398014068603516,115.80077362060547
2019-12-02,45.69556427001953,115.84339141845703
2019-12-03,45.738059997558594,115.48534393310547
2019-12-04,46.154640197753906,117.05402374267578
2019-12-05,46.06962585449219,117.0497055053711
2019-12-06,46.265159606933594,117.92539978027344
2019-12-09,45.96760559082031,117.7536849975586
2019-12-10,45.712554931640625,116.98963165283203
2019-12-11,45.8655891418457,117.70218658447266
2019-12-12,46.02712631225586,117.7708511352539
2019-12-13,46.265159606933594,118.42332458496094
2019-12-16,46.265159606933594,117.66783905029297
2019-12-17,46.265159606933594,116.90377044677734
2019-12-18,45.83159255981445,116.73207092285156
2019-12-19,46.180145263671875,117.16132354736328
2019-12-20,46.73274612426758,118.40617370605469
2019-12-23,46.68172836303711,117.65064239501953
2019-12-24,46.51169967651367,117.52189636230469
2019-12-26,46.77525329589844,117.35016632080078
2019-12-27,47.0557975769043,118.07991790771484
2019-12-30,46.98779296875,117.45320892333984
2019-12-31,47.0557975769043,117.33300018310547
2020-01-02,46.74974822998047,116.60327911376953
2020-01-03,46.49469757080078,116.44012451171875
2020-01-06,46.47769546508789,116.88656616210938
2020-01-07,46.12063980102539,115.04937744140625
2020-01-08,46.205650329589844,115.64171600341797
2020-01-09,47.047298431396484,115.7190170288086
2020-01-10,47.20881271362305,115.49579620361328
2020-01-13,47.718910217285156,117.21281433105469
2020-01-14,47.608402252197266,117.48756408691406
2020-01-15,48.20349884033203,119.50504302978516
2020-01-16,48.30551528930664,119.8570327758789
2020-01-17,48.40754318237305,121.27359008789062
2020-01-21,48.60306930541992,121.7886962890625
2020-01-22,48.97713851928711,123.0936279296875
2020-01-23,49.16417694091797,123.3254623413086
2020-01-24,49.036659240722656,122.69872283935547
2020-01-27,48.866615295410156,122.02906799316406
2020-01-28,48.46704864501953,122.28663635253906
2020-01-29,48.46704864501953,121.67707824707031
2020-01-30,50.03982162475586,123.47998046875
2020-01-31,49.64876174926758,121.92606353759766
2020-02-03,49.80177307128906,122.34674072265625
2020-02-04,50.022823333740234,122.95628356933594
2020-02-05,50.03131866455078,123.88347625732422
2020-02-06,50.15034866333008,123.90921020507812
2020-02-07,50.320377349853516,124.80204772949219
2020-02-10,50.79645919799805,125.051025390625
2020-02-11,50.66043472290039,125.4116439819336
2020-02-12,50.507408142089844,125.4116439819336
2020-02-13,50.67744064331055,125.74644470214844
2020-02-14,50.96649932861328,126.19287872314453
2020-02-18,50.60942077636719,124.9995346069336
2020-02-19,50.81346130371094,124.9394302368164
2020-02-20,50.770957946777344,124.62181854248047
2020-02-21,51.11951446533203,125.21414947509766
2020-02-24,49.86129379272461,122.45833587646484
2020-02-25,49.155670166015625,121.13622283935547
2020-02-26,48.9686393737793,121.89167785644531
2020-02-27,46.69873809814453,117.07545471191406
2020-02-28,45.474525451660156,113.34951782226562
2020-03-02,47.54039001464844,118.1142578125
2020-03-03,47.659400939941406,116.39723205566406
2020-03-04,50.09082794189453,122.24370574951172
2020-03-05,48.23750686645508,119.3612060546875
2020-03-06,46.97929000854492,118.63522338867188
2020-03-09,44.08877182006836,112.49861145019531
2020-03-10,45.61904525756836,115.93855285644531
2020-03-11,44.38632583618164,112.14422607421875
2020-03-12,40.093074798583984,99.68952941894531
2020-03-13,41.568153381347656,110.15633392333984
2020-03-16,38.81524658203125,97.74484252929688
2020-03-17,40.46183776855469,110.38970184326172
2020-03-18,38.46361541748047,104.51238250732422
2020-03-19,35.873653411865234,101.41814422607422
2020-03-20,32.84629440307617,89.82776641845703
2020-03-23,32.211673736572266,90.90815734863281
2020-03-24,33.832550048828125,98.39307403564453
2020-03-25,35.684974670410156,97.23491668701172
2020-03-26,37.98335647583008,103.94195556640625
2020-03-27,36.714111328125,104.11480712890625
2020-03-30,38.592262268066406,108.4536361694336
2020-03-31,37.949066162109375,103.80365753173828
2020-04-01,36.12235641479492,102.09232330322266
2020-04-02,37.6917724609375,107.053466796875
2020-04-03,37.5888671875,107.68441009521484
2020-04-06,40.02446746826172,113.3629379272461
2020-04-07,39.887245178222656,112.77518463134766
2020-04-08,41.01070785522461,114.61615753173828
2020-04-09,42.02268600463867,115.49779510498047
2020-04-13,40.247440338134766,113.12956237792969
2020-04-14,41.954071044921875,119.62052154541016
2020-04-15,40.83061218261719,116.70777130126953
2020-04-16,40.39323425292969,117.23501586914062
2020-04-17,41.2165412902832,118.88584899902344
2020-04-20,39.90439987182617,116.29291534423828
2020-04-21,38.91815185546875,113.17276763916016
2020-04-22,39.17544174194336,114.62480163574219
2020-04-23,38.65229034423828,112.58503723144531
2020-04-24,38.961036682128906,116.12870788574219
2020-04-27,40.11879348754883,116.21514129638672
2020-04-28,40.084495544433594,117.82276916503906
2020-04-29,40.41038131713867,115.264404296875
2020-04-30,39.355533599853516,114.33960723876953
2020-05-01,39.10681915283203,112.48133087158203
2020-05-04,38.71232223510742,113.15547943115234
2020-05-05,38.935302734375,113.80372619628906
2020-05-06,38.37785720825195,113.03448486328125
2020-05-07,38.24922180175781,113.69999694824219
2020-05-08,39.54420471191406,116.01636505126953
2020-05-11,39.05535888671875,116.14600372314453
2020-05-12,38.437889099121094,114.90139770507812
2020-05-13,37.68320083618164,114.918701171875
2020-05-14,37.47737503051758,115.02241516113281
2020-05-15,37.10002517700195,117.50296783447266
2020-05-18,38.56653594970703,117.13130187988281
2020-05-19,38.19776153564453,113.85558319091797
2020-05-20,39.355533599853516,113.4493637084961
2020-05-21,38.73805236816406,112.54183959960938
2020-05-22,38.61799621582031,112.77518463134766
2020-05-26,39.52705001831055,112.14422607421875
2020-05-27,40.0759162902832,113.0604248046875
2020-05-28,40.38465118408203,114.33960723876953
2020-05-29,40.03303909301758,113.69999694824219
2020-06-01,40.29890060424805,114.9446029663086
2020-06-02,40.221717834472656,114.63345336914062
2020-06-03,41.079315185546875,114.79768371582031
2020-06-04,41.09646987915039,113.72895050048828
2020-06-05,42.0998649597168,115.35774993896484
2020-06-08,42.751644134521484,115.15741729736328
2020-06-09,42.02268600463867,115.81936645507812
2020-06-10,41.69679641723633,116.82977294921875
2020-06-11,39.05535888671875,111.35104370117188
2020-06-12,39.462100982666016,112.3614273071289
2020-06-15,40.06789016723633,113.6505355834961
2020-06-16,40.47462463378906,114.68707275390625
2020-06-17,40.31019973754883,114.76544952392578
2020-06-18,40.66501235961914,115.65387725830078
2020-06-19,39.82557678222656,114.34734344482422
2020-06-22,39.583255767822266,114.14702606201172
2020-06-23,39.49671936035156,114.41704559326172
2020-06-24,38.639984130859375,112.84919738769531
2020-06-25,38.88228988647461,114.46060943603516
2020-06-26,37.705345153808594,112.30045318603516
2020-06-29,38.38901138305664,114.17317199707031
2020-06-30,38.66594314575195,115.20096588134766
2020-07-01,38.78709411621094,115.28807067871094
2020-07-02,38.83901596069336,115.71488952636719
2020-07-06,39.141910552978516,116.10681915283203
2020-07-07,39.124595642089844,116.34198760986328
2020-07-08,39.00344467163086,116.90814208984375
2020-07-09,37.99958801269531,115.59292602539062
2020-07-10,39.07268524169922,117.11719512939453
2020-07-13,39.15921401977539,117.5091552734375
2020-07-14,39.69575881958008,118.04048919677734
2020-07-15,40.15442657470703,116.4465103149414
2020-07-16,39.938079833984375,116.61203002929688
2020-07-17,40.51788330078125,117.29142761230469
2020-07-20,39.912109375,115.94131469726562
2020-07-21,40.84674072265625,117.09105682373047
2020-07-22,41.954444885253906,118.46727752685547
2020-07-23,41.781375885009766,119.39928436279297
2020-07-24,41.963104248046875,118.51082611083984
2020-07-27,41.954444885253906,119.91314697265625
2020-07-28,41.69483184814453,119.66062927246094
2020-07-29,41.55636215209961,120.13963317871094
2020-07-30,41.270790100097656,119.93060302734375
2020-07-31,40.8813591003418,119.90447235107422
2020-08-03,40.06789016723633,119.06827545166016
2020-08-04,40.40538787841797,119.73897552490234
2020-08-05,40.86405563354492,118.67632293701172
2020-08-06,41.089054107666016,118.3366470336914
2020-08-07,41.3659782409668,119.10314178466797
2020-08-10,41.296749114990234,118.44115447998047
2020-08-11,41.47847366333008,117.69208526611328
2020-08-12,41.91118240356445,120.02641296386719
2020-08-13,41.86791229248047,120.28768157958984
2020-08-14,41.92848587036133,119.81735229492188
2020-08-17,41.72079849243164,120.13092803955078
2020-08-18,41.902523040771484,120.2964096069336
2020-08-19,40.99385452270508,118.85054779052734
2020-08-20,40.97654724121094,119.08568572998047
2020-08-21,40.915977478027344,118.85926055908203
2020-08-24,41.513092041015625,119.88704681396484
2020-08-25,41.46116638183594,119.59090423583984
2020-08-26,41.677520751953125,120.60997772216797
2020-08-27,41.73810577392578,120.54901123046875
2020-08-28,43.122745513916016,121.89039611816406
2020-08-31,42.86310577392578,121.99491882324219
2020-09-01,42.50830078125,121.23713684082031
2020-09-02,44.2996711730957,124.80831146240234
2020-09-03,43.685245513916016,122.26681518554688
2020-09-04,44.169857025146484,121.73168182373047
2020-09-08,43.10542297363281,118.91558837890625
2020-09-09,43.43428039550781,120.28414916992188
2020-09-10,43.26985549926758,118.22254943847656
2020-09-11,44.187171936035156,119.1436996459961
2020-09-14,44.239524841308594,119.89815521240234
2020-09-15,44.53612518310547,118.97697448730469
2020-09-16,44.30931091308594,118.41555786132812
2020-09-17,44.09992599487305,116.85397338867188
2020-09-18,44.012691497802734,115.33628845214844
2020-09-21,42.82622146606445,115.134521484375
2020-09-22,43.32349395751953,115.93283081054688
2020-09-23,42.058509826660156,114.9239730834961
2020-09-24,42.48598861694336,115.43277740478516
2020-09-25,42.50343322753906,117.16104125976562
2020-09-28,42.991981506347656,121.03861236572266
2020-09-29,42.67791748046875,120.32804870605469
2020-09-30,43.070499420166016,121.59130096435547
2020-10-01,42.90473556518555,123.52134704589844
2020-10-02,43.06177520751953,121.11756896972656
2020-10-05,43.079227447509766,121.00350189208984
2020-10-06,42.69536590576172,119.04718780517578
2020-10-07,43.23625564575195,120.19641876220703
2020-10-08,44.02140808105469,120.93334197998047
2020-10-09,44.32675552368164,121.450927734375
2020-10-12,44.57102966308594,124.68811798095703
2020-10-13,43.812049865722656,125.92509460449219
2020-10-14,43.724796295166016,125.0302505493164
2020-10-15,43.611392974853516,124.07402038574219
2020-10-16,43.64627456665039,124.33720397949219
2020-10-19,43.28859329223633,122.53877258300781
2020-10-20,43.83821105957031,122.56511688232422
2020-10-21,43.611392974853516,122.4686279296875
2020-10-22,44.21333312988281,122.47737121582031
2020-10-23,44.073753356933594,122.4334716796875
2020-10-26,43.44562530517578,121.11756896972656
2020-10-27,43.53286361694336,122.04750061035156
2020-10-28,41.84040832519531,117.7049331665039
2020-10-29,41.89274978637695,117.54705047607422
2020-10-30,41.92765426635742,116.93292236328125
2020-11-02,42.41619873046875,118.56466674804688
2020-11-03,43.05305480957031,120.22272491455078
2020-11-04,42.896018981933594,120.94214630126953
2020-11-05,43.13157272338867,121.10881042480469
2020-11-06,43.14029312133789,121.39828491210938
2020-11-09,45.8621826171875,121.45970916748047
2020-11-10,47.0922737121582,124.32844543457031
2020-11-11,46.743309020996094,126.24090576171875
2020-11-12,46.24604034423828,126.188232421875
2020-11-13,46.62990188598633,126.95153045654297
2020-11-16,46.97885513305664,127.87263488769531
2020-11-17,46.83055114746094,127.41648864746094
2020-11-18,45.89707565307617,125.78471374511719
2020-11-19,46.350730895996094,125.73207092285156
2020-11-20,45.949424743652344,125.81979370117188
2020-11-23,45.95814895629883,125.46893310546875
2020-11-24,46.42925262451172,126.35494995117188
2020-11-25,46.176246643066406,126.468994140625
2020-11-27,45.975608825683594,126.85501098632812
2020-11-30,45.36891555786133,126.5303726196289
2020-12-01,45.755794525146484,128.14463806152344
2020-12-02,45.81733703613281,126.87255859375
2020-12-03,46.406429290771484,127.6261978149414
2020-12-04,47.34721755981445,128.86314392089844
2020-12-07,46.59107208251953,128.43902587890625
2020-12-08,46.758121490478516,128.57156372070312
2020-12-09,46.89000701904297,128.72178649902344
2020-12-10,46.643821716308594,127.82060241699219
2020-12-11,46.907588958740234,128.08563232421875
2020-12-14,46.83725357055664,127.43182373046875
2020-12-15,47.33842849731445,127.90894317626953
2020-12-16,46.652618408203125,128.01495361328125
2020-12-17,46.83725357055664,128.73944091796875
2020-12-18,47.25050354003906,129.81736755371094
2020-12-21,46.432804107666016,128.46554565429688
2020-12-22,46.38883590698242,127.24629974365234
2020-12-23,46.670204162597656,127.59085845947266
2020-12-24,46.986724853515625,128.1651611328125
2020-12-28,47.61977767944336,129.7997283935547
2020-12-29,47.59340286254883,130.25025939941406
2020-12-30,47.865966796875,130.153076171875
2020-12-31,48.21766662597656,131.02783203125
2021-01-04,46.38883590698242,127.4671630859375
2021-01-05,45.878883361816406,127.84703826904297
2021-01-06,44.41933822631836,126.283203125
2021-01-07,43.92695999145508,125.87681579589844
2021-01-08,44.911712646484375,127.38766479492188
2021-01-11,44.137977600097656,125.54105377197266
2021-01-12,44.05885314941406,124.95793151855469
2021-01-13,44.10281753540039,125.9828109741211
2021-01-14,43.285118103027344,125.24948120117188
2021-01-15,42.819114685058594,124.92259979248047
2021-01-19,42.652069091796875,125.51457214355469
2021-01-20,42.80153274536133,124.86958312988281
2021-01-21,43.03893280029297,123.34991455078125
2021-01-22,42.634483337402344,122.44869995117188
2021-01-25,42.889469146728516,123.853515625
2021-01-26,43.337867736816406,125.28482055664062
2021-01-27,42.669647216796875,121.96275329589844
2021-01-28,43.21477508544922,122.97882843017578
2021-01-29,42.33552932739258,120.66400146484375
2021-02-01,42.62568664550781,121.02620697021484
2021-02-02,43.04771423339844,122.2631607055664
2021-02-03,42.88066101074219,121.94508361816406
2021-02-04,43.091678619384766,123.41175079345703
2021-02-05,43.65439987182617,124.54268646240234
2021-02-08,43.891788482666016,124.04788208007812
2021-02-09,43.6983642578125,123.3410873413086
2021-02-10,43.610435485839844,121.66234588623047
2021-02-11,44.22589874267578,119.25032806396484
2021-02-12,44.568809509277344,118.2784194946289
2021-02-16,44.199527740478516,118.72903442382812
2021-02-17,44.07643508911133,118.7997055053711
2021-02-18,44.6391487121582,119.60371398925781
2021-02-19,44.05885314941406,117.07681274414062
2021-02-22,44.51605224609375,116.6174087524414
2021-02-23,44.43693161010742,117.31536865234375
2021-02-24,44.58639907836914,116.70573425292969
2021-02-25,44.11159896850586,114.85916900634766
2021-02-26,43.074092864990234,114.14350891113281
2021-03-01,43.874202728271484,115.40695190429688
2021-03-02,44.05005645751953,115.80455017089844
2021-03-03,43.944549560546875,114.09932708740234
2021-03-04,43.90937805175781,114.73432922363281
2021-03-05,44.65673828125,118.47478485107422
2021-03-08,45.40408706665039,117.67325592041016
2021-03-09,44.71828079223633,117.78010559082031
2021-03-10,45.228233337402344,118.964599609375
2021-03-11,44.73586654663086,118.64398193359375
2021-03-12,44.64720916748047,118.48367309570312
2021-03-15,45.2411994934082,118.47478485107422
2021-03-16,45.4096565246582,119.34754180908203
2021-03-17,45.42738723754883,119.00022888183594
2021-03-18,44.8333854675293,118.02949523925781
2021-03-19,45.046165466308594,119.7839584350586
2021-03-22,45.214595794677734,122.72286987304688
2021-03-23,45.56035614013672,124.20126342773438
2021-03-24,45.675621032714844,123.62236022949219
2021-03-25,46.11890411376953,124.3526611328125
2021-03-26,47.023197174072266,127.08676147460938
2021-03-29,47.74130630493164,128.96588134765625
2021-03-30,47.12070846557617,126.94425201416016
2021-03-31,46.730628967285156,125.97349548339844
2021-04-01,46.55331802368164,125.82213592529297
2021-04-05,46.81928634643555,127.49645233154297
2021-04-06,47.15617752075195,127.95061492919922
2021-04-07,47.2359619140625,127.71907043457031
2021-04-08,47.0941162109375,126.94425201416016
2021-04-09,47.14731216430664,126.97098541259766
2021-04-12,47.29801940917969,127.37175750732422
2021-04-13,47.06752014160156,127.39845275878906
2021-04-14,47.058658599853516,126.56130981445312
2021-04-15,47.28029251098633,126.73939514160156
2021-04-16,47.59059143066406,128.3870086669922
2021-04-19,47.87428665161133,128.91246032714844
2021-04-20,48.02501678466797,129.7674102783203
2021-04-21,48.415096282958984,130.89846801757812
2021-04-22,48.26437759399414,130.0880584716797
2021-04-23,48.29096984863281,129.8743133544922
2021-04-26,47.57285690307617,127.67452239990234
2021-04-27,47.5019416809082,127.25595092773438
2021-04-28,47.51080322265625,126.31194305419922
2021-04-29,48.10479736328125,128.1910858154297
2021-04-30,47.8565673828125,128.3870086669922
2021-05-03,48.299842834472656,129.83865356445312
2021-05-04,47.99840545654297,128.20889282226562
2021-05-05,47.87428665161133,128.1465606689453
2021-05-06,48.35303497314453,129.63385009765625
2021-05-07,48.32644271850586,129.63385009765625
2021-05-10,48.68105697631836,130.66690063476562
2021-05-11,48.157997131347656,129.71395874023438
2021-05-12,47.90975570678711,128.44931030273438
2021-05-13,48.32644271850586,130.3551788330078
2021-05-14,48.521484375,130.55116271972656
2021-05-17,48.441688537597656,130.17709350585938
2021-05-18,48.175716400146484,129.5893096923828
2021-05-19,48.02501678466797,129.51808166503906
2021-05-20,48.4505615234375,131.12112426757812
2021-05-21,48.4239616394043,131.00534057617188
2021-05-24,48.58353805541992,131.67330932617188
2021-05-25,48.57467269897461,132.07406616210938
2021-05-26,48.787445068359375,132.07406616210938
2021-05-27,49.19527053833008,130.4799041748047
2021-05-28,49.0179557800293,131.7534637451172
2021-06-01,49.00907897949219,131.47732543945312
2021-06-02,49.20413589477539,132.00279235839844
2021-06-03,49.32825469970703,132.47378540039062
2021-06-04,49.860191345214844,132.6262664794922
2021-06-07,49.68287658691406,132.54554748535156
2021-06-08,49.33711624145508,131.30752563476562
2021-06-09,49.186397552490234,131.06536865234375
2021-06-10,49.5676155090332,132.41099548339844
2021-06-11,49.78926467895508,132.49171447753906
2021-06-14,49.61954879760742,133.2811737060547
2021-06-15,49.4944953918457,133.2901153564453
2021-06-16,48.833499908447266,131.96243286132812
2021-06-17,49.08360290527344,133.2362823486328
2021-06-18,48.029579162597656,130.45530700683594
2021-06-21,48.55659484863281,131.47801208496094
2021-06-22,48.73524856567383,131.67538452148438
2021-06-23,48.34221649169922,129.94398498535156
2021-06-24,48.5833854675293,130.67958068847656
2021-06-25,48.5208625793457,131.3434295654297
2021-06-28,48.4672737121582,131.9086151123047
2021-06-29,48.10997772216797,131.81890869140625
2021-06-30,48.33327865600586,132.92230224609375
2021-07-01,48.19929885864258,132.94921875
2021-07-02,48.395809173583984,133.586181640625
2021-07-06,48.12783432006836,133.78353881835938
2021-07-07,48.5208625793457,134.37562561035156
2021-07-08,48.35114288330078,134.4384002685547
2021-07-09,48.64591979980469,134.09751892089844
2021-07-12,48.66377639770508,134.12442016601562
2021-07-13,49.14613342285156,137.2194061279297
2021-07-14,50.25374984741211,138.63677978515625
2021-07-15,50.41453170776367,139.2737274169922
2021-07-16,50.37880325317383,139.78506469726562
2021-07-19,49.78032684326172,139.76715087890625
2021-07-20,49.869659423828125,139.78506469726562
2021-07-21,50.512786865234375,139.2647705078125
2021-07-22,50.44132614135742,139.21994018554688
2021-07-23,50.92367935180664,141.00511169433594
2021-07-26,50.968345642089844,140.90646362304688
2021-07-27,51.14698791503906,141.68695068359375
2021-07-28,50.68251037597656,140.38612365722656
2021-07-29,50.95940399169922,140.67318725585938
2021-07-30,50.94154739379883,140.7987823486328
2021-08-02,50.80756759643555,140.233642578125
2021-08-03,50.843284606933594,140.547607421875
2021-08-04,50.1108283996582,138.1972198486328
2021-08-05,50.4681282043457,138.43048095703125
2021-08-06,50.59318161010742,138.4484405517578
2021-08-09,50.602108001708984,138.4663543701172
2021-08-10,50.73609924316406,138.5380859375
2021-08-11,50.67356872558594,139.0853271484375
2021-08-12,50.77183151245117,139.11228942871094
2021-08-13,51.12018966674805,140.4130859375
2021-08-16,51.343509674072266,141.7855987548828
2021-08-17,51.16486358642578,141.6510009765625
2021-08-18,50.4681282043457,140.19775390625
2021-08-19,50.78968811035156,142.55709838867188
2021-08-20,50.59318161010742,142.0547332763672
2021-08-23,50.41453170776367,141.606201171875
2021-08-24,50.03043746948242,139.84788513183594
2021-08-25,50.08403015136719,139.22891235351562
2021-08-26,49.610618591308594,138.717529296875
2021-08-27,49.70887756347656,138.99563598632812
2021-08-30,50.18228530883789,139.94654846191406
2021-08-31,50.298404693603516,140.29641723632812
2021-09-01,50.637847900390625,141.66001892089844
2021-09-02,50.70930099487305,141.76388549804688
2021-09-03,50.67356872558594,141.8903350830078
2021-09-07,49.72673416137695,139.5780487060547
2021-09-08,50.39667510986328,141.55612182617188
2021-09-09,49.896453857421875,140.66189575195312
2021-09-10,49.67314147949219,140.4180450439453
2021-09-13,50.08403015136719,140.6890106201172
2021-09-14,50.120033264160156,140.13804626464844
2021-09-15,50.29103088378906,140.92388916015625
2021-09-16,49.81404113769531,140.5083770751953
2021-09-17,48.99504852294922,139.21673583984375
2021-09-20,48.65306091308594,138.74705505371094
2021-09-21,48.64406204223633,138.683837890625
2021-09-22,48.71605682373047,139.1083526611328
2021-09-23,48.63505935668945,139.21673583984375
2021-09-24,48.50006866455078,139.27992248535156
2021-09-27,48.248069763183594,137.94317626953125
2021-09-28,47.37508773803711,136.4347686767578
2021-09-29,47.663082122802734,137.56382751464844
2021-09-30,47.22208786010742,135.85670471191406
2021-10-01,47.71707534790039,136.3444366455078
2021-10-04,47.69008255004883,135.6669921875
2021-10-05,47.77107620239258,136.4709014892578
2021-10-06,48.33806610107422,139.9664306640625
2021-10-07,48.49106216430664,141.25807189941406
2021-10-08,48.70706558227539,140.9329071044922
2021-10-11,48.80605697631836,141.12255859375
2021-10-12,48.80605697631836,141.74581909179688
2021-10-13,48.815059661865234,142.70323181152344
2021-10-14,49.14805221557617,143.85037231445312
2021-10-15,49.03105163574219,143.44390869140625
2021-10-18,48.54506301879883,142.79354858398438
2021-10-19,48.73406219482422,144.609130859375
2021-10-20,49.166053771972656,145.70199584960938
2021-10-21,48.914058685302734,143.7781524658203
2021-10-22,49.00405502319336,144.49166870117188
2021-10-25,48.80605697631836,143.814208984375
2021-10-26,49.022056579589844,145.57559204101562
2021-10-27,49.967037200927734,145.0697479248047
2021-10-28,50.43502426147461,145.9820098876953
2021-10-29,50.73202133178711,145.96395874023438
2021-11-01,50.55202865600586,145.65682983398438
2021-11-02,50.4890251159668,146.99365234375
2021-11-03,50.66002655029297,148.4027099609375
2021-11-04,50.93901824951172,148.4117431640625
2021-11-05,51.15501403808594,149.938232421875
2021-11-08,50.6960334777832,146.71365356445312
2021-11-09,50.84001922607422,147.6891632080078
2021-11-10,51.04701232910156,148.16786193847656
2021-11-11,51.06501770019531,146.94850158691406
2021-11-12,50.948020935058594,146.91236877441406
2021-11-15,50.95701599121094,147.95111083984375
2021-11-16,50.59701919555664,147.5084991455078
2021-11-17,50.31802749633789,147.56268310546875
2021-11-18,49.86803436279297,147.60787963867188
2021-11-19,49.61604309082031,147.96011352539062
2021-11-22,49.92204284667969,148.26724243164062
2021-11-23,50.29103088378906,149.26077270507812
2021-11-24,49.88603591918945,147.89691162109375
2021-11-26,48.35606384277344,145.54844665527344
2021-11-29,49.12105178833008,148.25820922851562
2021-11-30,47.570152282714844,144.32005310058594
2021-12-01,47.43410873413086,144.6632843017578
2021-12-02,48.132469177246094,146.05914306640625
2021-12-03,48.55874252319336,149.7783660888672
2021-12-06,49.80127716064453,151.33331298828125
2021-12-07,50.073360443115234,151.1605682373047
2021-12-08,49.88290786743164,151.42425537109375
2021-12-09,49.755924224853516,151.23330688476562
2021-12-10,51.04380798339844,153.65216064453125
2021-12-13,52.3861198425293,154.41603088378906
2021-12-14,52.42239761352539,154.0341033935547
2021-12-15,52.658206939697266,156.01644897460938
2021-12-16,53.19331741333008,156.24380493164062
2021-12-17,52.35890579223633,153.04287719726562
2021-12-20,52.186580657958984,154.06138610839844
2021-12-21,52.39519500732422,153.60670471191406
2021-12-22,52.76704406738281,154.5615234375
2021-12-23,52.80331802368164,154.38873291015625
2021-12-27,53.19331741333008,155.92556762695312
2021-12-28,53.40190505981445,156.73484802246094
2021-12-29,53.465396881103516,157.28958129882812
2021-12-30,53.311214447021484,157.0167236328125
2021-12-31,53.70121383666992,157.96249389648438
2022-01-03,53.7828369140625,157.2986297607422
2022-01-04,54.680728912353516,157.52598571777344
2022-01-05,55.134212493896484,158.0625
2022-01-06,54.84397888183594,158.098876953125
2022-01-07,54.71700668334961,158.29893493652344
2022-01-10,54.807708740234375,158.38076782226562
2022-01-11,54.82583999633789,158.30804443359375
2022-01-12,54.907466888427734,158.13523864746094
2022-01-13,55.233985900878906,158.3898468017578
2022-01-14,55.67838668823242,159.71749877929688
2022-01-18,55.233985900878906,158.1898193359375
2022-01-19,55.324668884277344,159.3264617919922
2022-01-20,55.09793472290039,158.171630859375
2022-01-21,54.82583999633789,158.42623901367188
2022-01-24,54.38143539428711,157.616943359375
2022-01-25,54.25445556640625,155.8073272705078
2022-01-26,54.05492401123047,154.1614227294922
2022-01-27,54.10027313232422,154.0159149169922
2022-01-28,55.17955780029297,157.0167236328125
2022-01-31,55.333736419677734,157.7897186279297
2022-02-01,54.92561340332031,156.71665954589844
2022-02-02,55.4879264831543,159.5629425048828
2022-02-03,55.8779182434082,159.4719696044922
2022-02-04,55.28839874267578,156.8530731201172
2022-02-07,55.86885070800781,156.2346954345703
2022-02-08,56.231632232666016,156.42568969726562
2022-02-09,55.36094665527344,156.3529052734375
2022-02-10,55.669315338134766,153.1065673828125
2022-02-11,54.680728912353516,153.2975311279297
2022-02-14,55.034446716308594,151.58795166015625
2022-02-15,55.243038177490234,150.9150390625
2022-02-16,55.233985900878906,151.22421264648438
2022-02-17,56.34046936035156,151.6334228515625
2022-02-18,56.721397399902344,152.5064239501953
2022-02-22,56.4855842590332,153.08839416503906
2022-02-23,55.859771728515625,151.57888793945312
2022-02-24,54.88026428222656,148.94174194335938
2022-02-25,57.0025520324707,153.1156768798828
2022-02-28,56.44930648803711,148.8963165283203
2022-03-01,56.20443344116211,147.55955505371094
2022-03-02,56.62162780761719,149.6055908203125
2022-03-03,56.65790557861328,149.44540405273438
2022-03-04,56.748600006103516,151.71542358398438
2022-03-07,55.39723205566406,148.69485473632812
2022-03-08,53.2023811340332,144.5026397705078
2022-03-09,53.4744758605957,144.07244873046875
2022-03-10,52.49494934082031,141.42715454101562
2022-03-11,52.531227111816406,140.71319580078125
2022-03-14,53.49996566772461,142.69029235839844
2022-03-15,54.48698425292969,145.5369415283203
2022-03-16,54.34075927734375,146.1776885986328
2022-03-17,54.9165153503418,147.31272888183594
2022-03-18,54.925655364990234,149.0060577392578
2022-03-21,55.36433792114258,148.79551696777344
2022-03-22,55.565391540527344,150.4248046875
2022-03-23,55.19983673095703,149.63763427734375
2022-03-24,55.72989273071289,150.54379272460938
2022-03-25,56.232540130615234,151.2486114501953
2022-03-28,56.58896255493164,151.6970977783203
2022-03-29,56.80829620361328,153.9488067626953
2022-03-30,56.85399627685547,153.73829650878906
2022-03-31,56.66207504272461,153.20738220214844
2022-04-01,57.45716857910156,155.3858642578125
2022-04-04,57.15559005737305,154.98313903808594
2022-04-05,57.091609954833984,155.1478729248047
2022-04-06,57.66737365722656,157.79318237304688
2022-04-07,57.97809600830078,157.93963623046875
2022-04-08,58.33452224731445,158.47052001953125
2022-04-11,58.31624221801758,157.98541259765625
2022-04-12,59.001670837402344,158.6261444091797
2022-04-13,59.15703201293945,158.3515167236328
2022-04-14,59.42206954956055,157.3446807861328
2022-04-18,58.89200210571289,155.98997497558594
2022-04-19,59.467769622802734,158.25999450683594
2022-04-20,60.2811393737793,160.6123504638672
2022-04-21,60.50960922241211,160.0357208251953
2022-04-22,59.63226318359375,157.57350158691406
2022-04-25,60.26286315917969,159.02890014648438
2022-04-26,59.44948959350586,158.6261444091797
2022-04-27,59.91557693481445,160.04490661621094
2022-04-28,60.4913330078125,162.47047424316406
2022-04-29,59.04737091064453,157.17074584960938
2022-05-02,57.97809600830078,153.55520629882812
2022-05-03,57.649105072021484,153.7657470703125
2022-05-04,59.43120574951172,159.1387176513672
2022-05-05,58.95597839355469,155.9625244140625
2022-05-06,59.16617202758789,155.98085021972656
2022-05-09,59.04737091064453,157.16159057617188
2022-05-10,58.4990234375,156.9694061279297
2022-05-11,58.773193359375,156.20965576171875
2022-05-12,58.95597839355469,155.97166442871094
2022-05-13,60.061798095703125,159.0105438232422
2022-05-16,60.2811393737793,160.6123504638672
2022-05-17,60.11662673950195,159.68792724609375
2022-05-18,55.93095397949219,149.79322814941406
2022-05-19,54.83426284790039,147.55067443847656
2022-05-20,55.72989273071289,148.47518920898438
2022-05-23,57.448036193847656,151.57810974121094
2022-05-24,58.50816345214844,153.61012268066406
2022-05-25,58.55385971069336,154.66275024414062
2022-05-26,58.76405715942383,155.7062530517578
2022-05-27,59.11134338378906,157.2256622314453
2022-05-31,57.92325973510742,153.54608154296875
2022-06-01,57.63996124267578,152.3927764892578
2022-06-02,58.24312973022461,153.62779235839844
2022-06-03,57.54856491088867,151.9411163330078
2022-06-06,57.45716857910156,152.57708740234375
2022-06-07,57.80445861816406,153.51719665527344
2022-06-08,57.4754524230957,152.75221252441406
2022-06-09,56.47929000854492,150.033203125
2022-06-10,56.122867584228516,149.7935791015625
2022-06-13,56.058895111083984,147.23129272460938
2022-06-14,54.52165603637695,143.8947296142578
2022-06-15,54.926666259765625,145.43394470214844
2022-06-16,54.37437057495117,144.7334747314453
2022-06-17,54.705753326416016,144.76112365722656
2022-06-21,55.87479782104492,148.12530517578125
2022-06-22,56.289031982421875,149.34193420410156
2022-06-23,56.96099090576172,151.24984741210938
2022-06-24,58.02878189086914,153.1208953857422
2022-06-27,57.909122467041016,153.32366943359375
2022-06-28,57.32920837402344,151.16690063476562
2022-06-29,57.74342727661133,153.67388916015625
2022-06-30,57.909122467041016,153.60939025878906
2022-07-01,59.26225280761719,156.1256103515625
2022-07-05,58.24971008300781,155.77537536621094
2022-07-06,58.36936950683594,157.33302307128906
2022-07-07,57.909122467041016,157.01968383789062
2022-07-08,58.12083435058594,158.420654296875
2022-07-11,57.93673324584961,157.1210479736328
2022-07-12,57.688194274902344,156.22698974609375
2022-07-13,57.42124938964844,156.78001403808594
2022-07-14,57.23714828491211,157.5911102294922
2022-07-15,57.531707763671875,157.7201385498047
2022-07-18,56.74928283691406,155.08409118652344
2022-07-19,57.559326171875,156.7431182861328
2022-07-20,56.6112060546875,155.08409118652344
2022-07-21,56.48233413696289,155.31451416015625
2022-07-22,56.69404983520508,156.32838439941406
2022-07-25,57.24635314941406,156.5496063232422
2022-07-26,58.185279846191406,158.3745574951172
2022-07-27,58.001163482666016,158.15335083007812
2022-07-28,58.96770095825195,161.14883422851562
2022-07-29,59.06895446777344,161.2594451904297
2022-08-01,59.39113235473633,163.09361267089844
2022-08-02,58.581085205078125,161.7479248046875
2022-08-03,58.838829040527344,162.98301696777344
2022-08-04,58.608699798583984,162.09815979003906
2022-08-05,58.34175491333008,160.8815460205078
2022-08-08,57.9643440246582,160.23635864257812
2022-08-09,58.03799819946289,160.83546447753906
2022-08-10,58.590293884277344,162.16268920898438
2022-08-11,58.19447708129883,161.33316040039062
2022-08-12,58.63632583618164,163.44386291503906
2022-08-15,59.37272644042969,165.24114990234375
2022-08-16,59.860599517822266,166.19973754882812
2022-08-17,59.722511291503906,166.1075439453125
2022-08-18,60.03549575805664,166.2734375
2022-08-19,59.98946762084961,166.0614776611328
2022-08-22,59.096580505371094,164.4761505126953
2022-08-23,59.161006927490234,164.4024200439453
2022-08-24,59.243858337402344,165.22271728515625
2022-08-25,59.52920913696289,165.23194885253906
2022-08-26,58.093223571777344,161.33316040039062
2022-08-29,57.74342727661133,160.82623291015625
2022-08-30,57.209529876708984,159.4436798095703
2022-08-31,56.80450439453125,158.78012084960938
2022-09-01,57.07145690917969,160.38534545898438
2022-09-02,56.289031982421875,158.35325622558594
2022-09-06,56.31664276123047,157.28614807128906
2022-09-07,57.356815338134766,160.75648498535156
2022-09-08,57.181922912597656,160.21832275390625
2022-09-09,57.36602020263672,160.7286376953125
2022-09-12,57.531707763671875,161.35958862304688
2022-09-13,55.66307830810547,155.33763122558594
2022-09-14,55.957645416259766,156.51600646972656
2022-09-15,55.19732666015625,153.91796875
2022-09-16,55.20659637451172,154.92935180664062
2022-09-19,55.623844146728516,156.56240844726562
2022-09-20,55.54039764404297,156.73870849609375
2022-09-21,55.07678985595703,156.2933349609375
2022-09-22,54.94697189331055,156.4418182373047
2022-09-23,54.33500289916992,156.36758422851562
2022-09-26,53.658138275146484,156.3026580810547
2022-09-27,52.27658462524414,154.03857421875
2022-09-28,52.832916259765625,156.50677490234375
2022-09-29,52.4527587890625,154.59532165527344
2022-09-30,51.942787170410156,151.4868621826172
2022-10-03,52.526939392089844,153.3333740234375
2022-10-04,52.6474723815918,155.05923461914062
2022-10-05,52.14677429199219,154.02931213378906
2022-10-06,51.02483367919922,151.06007385253906
2022-10-07,50.54268264770508,149.9558868408203
2022-10-10,50.43141555786133,150.15072631835938
2022-10-11,50.514869689941406,150.86520385742188
2022-10-12,51.1268310546875,157.17483520507812
2022-10-13,51.803707122802734,162.0183868408203
2022-10-14,50.978477478027344,157.91714477539062
2022-10-17,51.63680648803711,160.27398681640625
2022-10-18,52.33221435546875,162.43594360351562
2022-10-19,51.887149810791016,160.85855102539062
2022-10-20,51.07120132446289,159.0955810546875
2022-10-21,51.887149810791016,160.58016967773438
2022-10-24,53.37997055053711,164.86700439453125
2022-10-25,54.659542083740234,165.41448974609375
2022-10-26,55.06751251220703,166.15679931640625
2022-10-27,55.19732666015625,165.98046875
2022-10-28,56.337806701660156,169.0889129638672
2022-10-31,55.49403762817383,168.4857940673828
2022-11-01,55.299320220947266,167.72491455078125
2022-11-02,54.529727935791016,165.38665771484375
2022-11-03,54.50191116333008,164.95980834960938
2022-11-04,54.94697189331055,165.88768005371094
2022-11-07,55.16024398803711,167.214599609375
2022-11-08,55.262229919433594,167.6785430908203
2022-11-09,54.492637634277344,165.67428588867188
2022-11-10,56.44906997680664,168.5971221923828
2022-11-11,56.85704803466797,165.21034240722656
2022-11-14,56.30998611450195,163.9855194091797
2022-11-15,56.21726989746094,164.412353515625
2022-11-16,56.115272521972656,165.4701690673828
2022-11-17,56.291439056396484,167.04754638671875
2022-11-18,56.69015121459961,168.25381469726562
2022-11-21,57.56173324584961,171.49215698242188
2022-11-22,57.812076568603516,171.51068115234375
2022-11-23,58.07169723510742,171.73338317871094
2022-11-25,58.12733459472656,170.8333282470703
2022-11-28,58.13661193847656,170.62921142578125
2022-11-29,57.9326171875,169.4229736328125
2022-11-30,59.39867401123047,172.1323699951172
2022-12-01,59.56675720214844,173.57020568847656
2022-12-02,60.08968734741211,173.37416076660156
2022-12-05,59.2679443359375,170.97463989257812
2022-12-06,59.23992919921875,169.58346557617188
2022-12-07,59.333309173583984,170.09693908691406
2022-12-08,59.58543395996094,171.59083557128906
2022-12-09,58.95978546142578,170.95596313476562
2022-12-12,59.73483657836914,171.76824951171875
2022-12-13,59.753517150878906,171.67486572265625
2022-12-14,59.753517150878906,171.19869995117188
2022-12-15,58.9317741394043,168.29498291015625
2022-12-16,58.595611572265625,168.37901306152344
2022-12-19,58.67965316772461,169.31268310546875
2022-12-20,58.632965087890625,169.20997619628906
2022-12-21,59.57609176635742,170.39573669433594
2022-12-22,59.14655303955078,169.0792694091797
2022-12-23,59.59477233886719,170.171630859375
2022-12-27,59.95895004272461,170.9279327392578
2022-12-28,59.36132049560547,169.6954803466797
2022-12-29,59.71616744995117,169.91026306152344
2022-12-30,59.39867401123047,168.67779541015625
2023-01-03,58.78237533569336,167.51068115234375
2023-01-04,58.754356384277344,167.09988403320312
2023-01-05,58.0820198059082,165.35389709472656
2023-01-06,59.202579498291016,169.08859252929688
2023-01-09,58.464881896972656,167.43597412109375
2023-01-10,58.016658782958984,166.0541534423828
2023-01-11,57.90460205078125,166.2408905029297
2023-01-12,57.157569885253906,164.12144470214844
2023-01-13,57.36300277709961,163.61727905273438
2023-01-17,57.59645080566406,164.38287353515625
2023-01-18,55.850257873535156,160.23736572265625
2023-01-19,55.76622009277344,158.37933349609375
2023-01-20,56.102378845214844,158.61276245117188
2023-01-23,56.24245071411133,157.90318298339844
2023-01-24,56.541263580322266,159.36904907226562
2023-01-25,56.8961067199707,160.52679443359375
2023-01-26,56.78404998779297,158.9302215576172
2023-01-27,56.4852409362793,158.3699951171875
2023-01-30,56.62529754638672,158.2393035888672
2023-01-31,57.26028823852539,159.6771697998047
2023-02-01,57.26961898803711,160.18133544921875
2023-02-02,56.28913879394531,158.69680786132812
2023-02-03,55.86893081665039,157.90318298339844
2023-02-06,56.18641662597656,160.42408752441406
2023-02-07,56.093048095703125,160.18133544921875
2023-02-08,55.76622009277344,159.80787658691406
2023-02-09,55.67283248901367,161.3204345703125
2023-02-10,55.67283248901367,164.51358032226562
2023-02-13,56.587955474853516,165.97947692871094
2023-02-14,55.64481735229492,164.11212158203125
2023-02-15,55.64481735229492,164.33619689941406
2023-02-16,55.299320220947266,163.86932373046875
2023-02-17,56.139732360839844,164.5883026123047
2023-02-21,55.84091567993164,164.49488830566406
2023-02-22,56.009002685546875,164.4388885498047
2023-02-23,56.111717224121094,164.6162872314453
2023-02-24,55.87826919555664,164.28952026367188
2023-02-27,55.85960006713867,164.24282836914062
2023-02-28,55.57011413574219,162.02069091796875
2023-03-01,54.96315002441406,159.96658325195312
2023-03-02,55.76622009277344,162.91815185546875
2023-03-03,55.50474548339844,162.7583465576172
2023-03-06,56.36384582519531,163.0873565673828
2023-03-07,56.037010192871094,162.27896118164062
2023-03-08,56.06502914428711,162.7207489013672
2023-03-09,55.52342224121094,161.48936462402344
2023-03-10,55.289981842041016,161.70553588867188
2023-03-13,55.850257873535156,163.28472900390625
2023-03-14,56.055686950683594,163.1155548095703
2023-03-15,56.42921447753906,166.0294952392578
2023-03-16,56.739723205566406,165.9167022705078
2023-03-17,56.476253509521484,164.61952209472656
2023-03-20,57.022010803222656,166.93186950683594
2023-03-21,56.758544921875,167.32667541503906
2023-03-22,56.504478454589844,165.9167022705078
2023-03-23,56.38216018676758,165.1083221435547
2023-03-24,57.30430221557617,168.34185791015625
2023-03-27,57.72772979736328,168.7178497314453
2023-03-28,57.79359436035156,168.6614532470703
2023-03-29,58.207618713378906,169.82701110839844
2023-03-30,58.19820785522461,169.9774169921875
2023-03-31,58.36758041381836,171.3592071533203
2023-04-03,58.71573257446289,171.5471954345703
2023-04-04,58.53695297241211,170.93621826171875
2023-04-05,59.09211730957031,172.6187744140625
2023-04-06,59.12975311279297,173.2955780029297
2023-04-10,58.98861312866211,172.20518493652344
2023-04-11,58.88511276245117,171.9420166015625
2023-04-12,58.98861312866211,171.6035919189453
2023-04-13,59.421451568603516,173.3143768310547
2023-04-14,59.32735061645508,172.49658203125
2023-04-17,59.71315002441406,173.38015747070312
2023-04-18,59.807247161865234,173.73736572265625
2023-04-19,59.92015838623047,173.6339874267578
2023-04-20,60.183624267578125,174.2073516845703
2023-04-21,60.26831817626953,174.28256225585938
2023-04-24,60.17422103881836,174.36715698242188
2023-04-25,60.080116271972656,178.3245086669922
2023-04-26,59.79783630371094,177.22470092773438
2023-04-27,59.92015838623047,178.30569458007812
2023-04-28,60.36240768432617,179.4336700439453
2023-05-01,60.50355529785156,180.17625427246094
2023-05-02,60.230674743652344,180.71205139160156
2023-05-03,59.891929626464844,180.64625549316406
2023-05-04,59.957801818847656,181.77423095703125
2023-05-05,60.24008560180664,182.61080932617188
2023-05-08,60.14598846435547,181.74606323242188
2023-05-09,59.647281646728516,182.48861694335938
2023-05-10,59.75078582763672,182.61080932617188
2023-05-11,60.08953094482422,183.61660766601562
2023-05-12,60.32477569580078,184.34979248046875
2023-05-15,60.1648063659668,182.61080932617188
2023-05-16,59.48731994628906,181.8212432861328
2023-05-17,59.421451568603516,180.53346252441406
2023-05-18,59.09211730957031,180.06344604492188
2023-05-19,59.12034606933594,180.32666015625
2023-05-22,57.8782844543457,175.43875122070312
2023-05-23,57.7747802734375,174.90296936035156
2023-05-24,57.285484313964844,173.79376220703125
2023-05-25,56.84322738647461,172.76919555664062
2023-05-26,56.702083587646484,172.56239318847656
2023-05-30,56.25042724609375,170.7106170654297
2023-05-31,56.13751220703125,171.40621948242188
2023-06-01,56.45743942260742,172.45216369628906
2023-06-02,57.548946380615234,174.22218322753906
2023-06-05,57.16314697265625,174.34524536132812
2023-06-06,56.7491340637207,171.8558349609375
2023-06-07,56.664451599121094,170.48330688476562
2023-06-08,56.80558395385742,172.36697387695312
2023-06-09,56.89969253540039,172.6035919189453
2023-06-12,56.655033111572266,172.17764282226562
2023-06-13,56.88086700439453,171.8368682861328
2023-06-14,57.266666412353516,173.3797607421875
2023-06-15,58.0536003112793,175.7840118408203
2023-06-16,58.470767974853516,176.0963592529297
2023-06-20,58.0820426940918,175.4053955078125
2023-06-21,58.243228912353516,175.51895141601562
2023-06-22,58.64143753051758,177.33636474609375
2023-06-23,58.0251579284668,176.12478637695312
2023-06-26,58.044124603271484,175.00782775878906
2023-06-27,57.920867919921875,176.2667694091797
2023-06-28,57.38043975830078,173.88143920898438
2023-06-29,56.906375885009766,174.0518341064453
2023-06-30,57.09600067138672,175.3201904296875
2023-07-03,57.43732452392578,175.6798858642578
2023-07-05,57.863975524902344,176.6074981689453
2023-07-06,57.418357849121094,176.62643432617188
2023-07-07,56.65985870361328,173.29457092285156
2023-07-10,56.23320388793945,174.44937133789062
2023-07-11,56.43231201171875,174.14646911621094
2023-07-12,56.735713958740234,173.3797607421875
2023-07-13,57.2192497253418,177.50674438476562
2023-07-14,57.740726470947266,178.150390625
2023-07-17,57.6553955078125,175.7082977294922
2023-07-18,57.4278450012207,174.59133911132812
2023-07-19,58.44232940673828,176.3046112060547
2023-07-20,59.15342712402344,179.18212890625
2023-07-21,59.200836181640625,179.9961700439453
2023-07-24,59.219791412353516,180.7155303955078
2023-07-25,59.020694732666016,181.1320343017578
2023-07-26,59.77918243408203,181.35919189453125
2023-07-27,59.200836181640625,178.45327758789062
2023-07-28,59.2387580871582,180.13812255859375
2023-07-31,58.717288970947266,177.44049072265625
2023-08-01,58.56559371948242,176.83468627929688
2023-08-02,58.745731353759766,178.2450408935547
2023-08-03,58.44232940673828,177.11863708496094
2023-08-04,57.56058120727539,174.7333526611328
2023-08-07,58.01567459106445,176.90093994140625
2023-08-08,57.759681701660156,174.58187866210938
2023-08-09,57.89242172241211,174.14646911621094
2023-08-10,57.759681701660156,173.92877197265625
2023-08-11,57.99671173095703,174.2032470703125
2023-08-14,57.721763610839844,173.80569458007812
2023-08-15,57.33302307128906,171.6570587158203
2023-08-16,57.34251022338867,171.5245361328125
2023-08-17,57.465763092041016,168.9120330810547
2023-08-18,57.78812789916992,168.65647888183594
2023-08-21,57.295108795166016,167.5868682861328
2023-08-22,56.94429397583008,166.3090362548828
2023-08-23,57.143402099609375,168.59967041015625
2023-08-24,56.991703033447266,167.70993041992188
2023-08-25,57.257179260253906,169.83021545410156
2023-08-28,57.418357849121094,170.6158447265625
2023-08-29,57.361473083496094,171.25949096679688
2023-08-30,57.33302307128906,171.40145874023438
2023-08-31,56.726226806640625,169.59512329101562
2023-09-01,56.23320388793945,167.11680603027344
2023-09-05,55.76862716674805,166.01109313964844
2023-09-06,55.7307014465332,166.55438232421875
2023-09-07,55.304046630859375,168.146240234375
2023-09-08,55.304046630859375,168.0223388671875
2023-09-11,55.82551574707031,170.55787658691406
2023-09-12,55.27560043334961,169.92877197265625
2023-09-13,55.40834045410156,171.27276611328125
2023-09-14,55.86704635620117,172.75027465820312
2023-09-15,55.370113372802734,171.42529296875
2023-09-18,55.71414566040039,170.98680114746094
2023-09-19,55.59946823120117,169.97642517089844
2023-09-20,55.84793472290039,170.0336151123047
2023-09-21,54.98785400390625,167.17398071289062
2023-09-22,55.04519271850586,167.0691375732422
2023-09-25,54.471805572509766,166.17312622070312
2023-09-26,54.02265167236328,164.44781494140625
2023-09-27,53.46837615966797,161.63584899902344
2023-09-28,53.3345832824707,161.56907653808594
2023-09-29,53.497047424316406,161.51190185546875
2023-10-02,53.01921844482422,161.25454711914062
2023-10-03,52.445838928222656,159.85333251953125
2023-10-04,52.59874725341797,161.0067138671875
2023-10-05,50.05672073364258,152.6089324951172
2023-10-06,50.78301239013672,152.7900390625
2023-10-09,50.534549713134766,153.80996704101562
2023-10-10,51.63353729248047,156.7077178955078
2023-10-11,51.327728271484375,155.01101684570312
2023-10-12,50.4676513671875,150.68344116210938
2023-10-13,50.54410171508789,152.51361083984375
2023-10-16,51.060150146484375,153.5430908203125
2023-10-17,51.67176818847656,152.8662872314453
2023-10-18,51.652652740478516,154.44862365722656
2023-10-19,51.9393424987793,153.04737854003906
2023-10-20,52.14958953857422,152.51361083984375
2023-10-23,51.68132400512695,152.58987426757812
2023-10-24,53.17212677001953,154.60113525390625
2023-10-25,53.63083267211914,154.753662109375
2023-10-26,53.30591583251953,153.85763549804688
2023-10-27,52.78987121582031,152.15139770507812
2023-10-30,53.65951156616211,154.68692016601562
2023-10-31,53.98442840576172,155.64013671875
2023-11-01,53.9366455078125,157.15574645996094
2023-11-02,54.55781555175781,159.02403259277344
2023-11-03,54.22333908081055,158.98590087890625
2023-11-06,54.443138122558594,158.9001007080078
2023-11-07,54.64382553100586,159.35763549804688
2023-11-08,54.55781555175781,159.5578155517578
2023-11-09,54.14688491821289,158.38540649414062
2023-11-10,54.204227447509766,159.1098175048828
2023-11-13,54.404911041259766,159.92005920410156
2023-11-14,54.56736755371094,160.24417114257812
2023-11-15,54.67249298095703,159.42437744140625
2023-11-16,54.615150451660156,159.8628692626953
2023-11-17,54.72027587890625,158.95730590820312
2023-11-20,54.85407257080078,158.72853088378906
2023-11-21,55.456119537353516,159.9486541748047
2023-11-22,55.828819274902344,161.30221557617188
2023-11-24,55.972171783447266,161.44515991210938
2023-11-27,55.86704635620117,160.4443359375
2023-11-28,55.981727600097656,160.95904541015625
2023-11-29,55.647247314453125,159.33859252929688
2023-11-30,56.29262924194336,161.63894653320312
2023-12-01,56.48527908325195,162.02313232421875
2023-12-04,56.41785430908203,162.45535278320312
2023-12-05,56.504547119140625,161.3027801513672
2023-12-06,56.44675064086914,160.8897705078125
2023-12-07,56.58161163330078,160.8417510986328
2023-12-08,56.456382751464844,159.132080078125
2023-12-11,56.87058639526367,161.18753051757812
2023-12-12,57.23662185668945,161.81182861328125
2023-12-13,57.72787857055664,165.2119140625
2023-12-14,56.87058639526367,161.6005401611328
2023-12-15,56.44675064086914,160.39993286132812
2023-12-18,56.851318359375,162.2344512939453
2023-12-19,56.668296813964844,161.3123779296875
2023-12-20,55.493133544921875,159.1416778564453
2023-12-21,55.85917282104492,160.37110900878906
2023-12-22,56.177040100097656,161.05303955078125
2023-12-26,56.408226013183594,162.18641662597656
2023-12-27,56.552711486816406,162.70506286621094
2023-12-28,56.59123992919922,162.69544982910156
2023-12-29,56.764625549316406,163.12767028808594
